Naam	Team	Nationaliteit	Lengte	Gewicht	Leeftijd	AVG	FLT	COB	HLL	MTN	SPR	ITT	GC	OR	TTL
Tadej Pogačar	UAE Team Emirates-XRG	Slovenia	176 cm	66 kg	27 jaar	99	96	97	99	99	80	93	96	99	93
Jonas Vingegaard	Team Visma | Lease a Bike	Denmark	175 cm	58 kg	29 jaar	97	75	20	91	99	63	90	97	20	85
Remco Evenepoel	Red Bull-BORA-hansgrohe	Belgium	171 cm	63 kg	26 jaar	97	94	20	96	91	67	99	90	97	99
Mathieu van der Poel	Alpecin-Premier Tech	Netherlands	184 cm	75 kg	31 jaar	96	96	99	93	40	85	63	64	97	55
Mads Pedersen	Lidl-Trek	Denmark	180 cm	76 kg	30 jaar	96	95	99	91	47	92	79	62	96	58
Jasper Philipsen	Alpecin-Premier Tech	Belgium	176 cm	75 kg	27 jaar	95	94	93	79	38	99	29	49	95	20
João Almeida	UAE Team Emirates-XRG	Portugal	178 cm	63 kg	27 jaar	95	79	20	90	96	48	91	94	51	87
Isaac del Toro	UAE Team Emirates-XRG	Mexico	180 cm	64 kg	22 jaar	95	87	67	96	91	56	89	90	97	88
Tom Pidcock	Pinarello-Q36.5 Pro Cycling Team	Great Britain	170 cm	58 kg	26 jaar	94	80	87	95	91	68	45	90	94	32
Wout van Aert	Team Visma | Lease a Bike	Belgium	190 cm	78 kg	31 jaar	94	94	96	92	70	91	88	49	94	87
Jay Vine	UAE Team Emirates-XRG	Australia	184 cm	69 kg	30 jaar	93	90	20	83	90	44	95	82	89	94
Adam Yates	UAE Team Emirates-XRG	Great Britain	173 cm	58 kg	33 jaar	93	63	20	91	94	49	66	90	91	58
Filippo Ganna	INEOS Grenadiers	Italy	193 cm	83 kg	29 jaar	93	92	92	82	44	64	94	72	92	93
Primož Roglič	Red Bull-BORA-hansgrohe	Slovenia	177 cm	65 kg	36 jaar	93	79	20	91	94	54	90	92	85	86
Brandon McNulty	UAE Team Emirates-XRG	United States	183 cm	69 kg	27 jaar	93	88	43	93	86	60	91	89	92	90
Felix Gall	Decathlon CMA CGM Team	Austria	180 cm	66 kg	27 jaar	92	46	20	87	93	44	54	91	57	37
Mattias Skjelmose	Lidl-Trek	Denmark	180 cm	65 kg	25 jaar	92	82	20	94	87	58	83	86	94	75
Biniam Girmay	NSN Cycling Team	Eritrea	184 cm	70 kg	25 jaar	92	90	89	85	34	95	38	40	93	38
Arnaud De Lie	Lotto-Intermarché	Belgium	182 cm	78 kg	23 jaar	92	90	80	91	43	94	20	68	95	20
Tim Merlier	Soudal Quick-Step	Belgium	188 cm	76 kg	33 jaar	92	91	89	66	24	99	27	37	91	27
Matteo Jorgenson	Team Visma | Lease a Bike	United States	190 cm	69 kg	26 jaar	92	90	93	91	92	69	86	91	91	80
Paul Magnier	Soudal Quick-Step	France	187 cm	70 kg	21 jaar	91	90	90	83	32	93	28	40	94	20
Jonathan Milan	Lidl-Trek	Italy	194 cm	84 kg	25 jaar	91	91	87	74	26	96	59	38	91	32
Florian Lipowitz	Red Bull-BORA-hansgrohe	Germany	181 cm	68 kg	25 jaar	91	61	20	87	91	45	82	92	51	74
Juan Ayuso	Lidl-Trek	Spain	183 cm	65 kg	23 jaar	91	80	20	91	91	52	88	90	90	63
Ben O'Connor	Team Jayco-AlUla	Australia	188 cm	67 kg	30 jaar	91	64	20	90	91	48	69	90	84	65
Kévin Vauquelin	INEOS Grenadiers	France	176 cm	69 kg	24 jaar	91	72	43	93	84	61	86	89	90	81
Giulio Ciccone	Lidl-Trek	Italy	176 cm	58 kg	31 jaar	91	67	20	92	91	59	47	87	92	32
Oscar Onley	INEOS Grenadiers	Great Britain	173 cm	62 kg	23 jaar	91	60	20	91	91	57	59	91	80	44
Ben Healy	EF Education-EasyPost	Ireland	175 cm	62 kg	25 jaar	91	78	72	94	85	54	69	84	93	62
Mikel Landa	Soudal Quick-Step	Spain	172 cm	61 kg	36 jaar	90	52	56	88	91	46	54	90	74	54
Thymen Arensman	INEOS Grenadiers	Netherlands	190 cm	68 kg	26 jaar	90	66	20	87	91	40	88	88	62	88
Richard Carapaz	EF Education-EasyPost	Ecuador	170 cm	62 kg	32 jaar	90	52	31	87	90	52	47	90	75	43
Lenny Martinez	Bahrain Victorious	France	168 cm	52 kg	22 jaar	90	63	20	92	90	44	63	84	90	54
Tim Wellens	UAE Team Emirates-XRG	Belgium	182 cm	71 kg	34 jaar	90	88	92	91	63	55	67	76	91	45
Michael Storer	Tudor Pro Cycling Team	Australia	174 cm	63 kg	28 jaar	90	62	20	91	88	42	46	85	90	33
Jai Hindley	Red Bull-BORA-hansgrohe	Australia	175 cm	60 kg	29 jaar	90	52	20	84	91	50	53	90	72	40
Enric Mas	Movistar Team	Spain	177 cm	61 kg	31 jaar	90	53	20	88	91	50	51	90	75	45
Jasper Stuyven	Soudal Quick-Step	Belgium	187 cm	80 kg	33 jaar	90	90	93	85	39	79	46	53	92	35
Sepp Kuss	Team Visma | Lease a Bike	United States	182 cm	61 kg	31 jaar	90	42	31	79	92	45	45	90	51	39
Egan Bernal	INEOS Grenadiers	Colombia	175 cm	60 kg	29 jaar	90	50	20	90	89	49	45	89	74	45
Mike Teunissen	XDS Astana Team	Netherlands	184 cm	73 kg	33 jaar	90	88	91	84	34	88	26	51	92	20
Olav Kooij	Decathlon CMA CGM Team	Netherlands	184 cm	72 kg	24 jaar	90	90	73	80	29	96	24	53	92	20
Stefan Küng	Tudor Pro Cycling Team	Switzerland	193 cm	83 kg	32 jaar	90	91	92	81	47	57	92	45	91	92
Søren Wærenskjold	Uno-X Mobility	Norway	195 cm	92 kg	25 jaar	90	89	89	64	26	91	84	58	91	82
Florian Vermeersch	UAE Team Emirates-XRG	Belgium	193 cm	85 kg	26 jaar	90	88	92	86	39	63	75	52	91	65
Ilan Van Wilder	Soudal Quick-Step	Belgium	171 cm	64 kg	25 jaar	89	75	35	86	85	49	90	84	84	91
Carlos Rodríguez	INEOS Grenadiers	Spain	183 cm	67 kg	25 jaar	89	55	20	82	90	55	71	89	53	60
Santiago Buitrago	Bahrain Victorious	Colombia	174 cm	59 kg	26 jaar	89	58	20	90	90	51	64	85	85	57
Jordi Meeus	Red Bull-BORA-hansgrohe	Belgium	190 cm	80 kg	27 jaar	89	89	84	70	24	94	20	35	92	20
Antonio Tiberi	Bahrain Victorious	Italy	182 cm	62 kg	24 jaar	89	65	20	84	89	49	82	88	59	63
Tobias Halland Johannessen	Uno-X Mobility	Norway	176 cm	62 kg	26 jaar	89	63	56	90	86	55	42	89	87	36
Neilson Powless	EF Education-EasyPost	United States	183 cm	67 kg	29 jaar	88	89	92	92	59	53	56	52	94	53
Jhonatan Narváez	UAE Team Emirates-XRG	Ecuador	174 cm	65 kg	28 jaar	88	68	72	90	80	65	28	85	85	27
Matteo Trentin	Tudor Pro Cycling Team	Italy	179 cm	74 kg	36 jaar	88	84	88	83	32	88	42	50	91	38
Derek Gee-West	Lidl-Trek	Canada	189 cm	72 kg	28 jaar	88	65	35	77	86	54	83	89	61	79
Valentin Madouas	Groupama-FDJ United	France	179 cm	71 kg	29 jaar	88	80	88	91	64	58	35	69	92	35
Pavel Sivakov	UAE Team Emirates-XRG	France	188 cm	70 kg	28 jaar	88	60	20	91	85	42	47	75	91	43
Giulio Pellizzari	Red Bull-BORA-hansgrohe	Italy	183 cm	66 kg	22 jaar	88	47	20	76	90	34	48	90	61	37
Pello Bilbao	Bahrain Victorious	Spain	174 cm	60 kg	35 jaar	88	66	68	90	85	51	66	84	89	48
Lorenzo Fortunato	XDS Astana Team	Italy	170 cm	57 kg	29 jaar	88	51	20	86	90	34	30	83	74	29
Guillaume Martin-Guyonnet	Groupama-FDJ United	France	173 cm	55 kg	32 jaar	88	63	20	90	81	61	36	87	89	35
Fred Wright	Pinarello-Q36.5 Pro Cycling Team	Great Britain	184 cm	75 kg	26 jaar	88	81	90	85	43	81	54	59	91	46
Tiesj Benoot	Decathlon CMA CGM Team	Belgium	190 cm	72 kg	31 jaar	88	89	93	92	58	60	25	46	94	23
Jordan Jegat	Team TotalEnergies	France	176 cm	59 kg	26 jaar	87	57	20	90	75	49	38	85	80	35
Toms Skujiņš	Lidl-Trek	Latvia	181 cm	72 kg	34 jaar	87	84	90	92	54	56	49	55	93	46
Jonas Abrahamsen	Uno-X Mobility	Norway	183 cm	78 kg	30 jaar	87	85	90	90	42	71	29	41	91	28
Aleksandr Vlasov	Red Bull-BORA-hansgrohe	Russia	186 cm	68 kg	29 jaar	87	68	20	82	89	57	82	81	70	72
Romain Grégoire	Groupama-FDJ United	France	176 cm	64 kg	23 jaar	87	72	31	93	68	54	63	75	92	52
Michael Matthews	Team Jayco-AlUla	Australia	178 cm	72 kg	35 jaar	87	79	81	91	39	67	46	33	94	42
Mauro Schmid	Team Jayco-AlUla	Switzerland	187 cm	70 kg	26 jaar	87	74	20	91	70	49	73	68	91	64
Einer Rubio	Movistar Team	Colombia	164 cm	56 kg	27 jaar	87	41	20	76	90	45	32	86	62	31
Luca Mozzato	Tudor Pro Cycling Team	Italy	178 cm	67 kg	28 jaar	86	84	88	66	27	89	20	34	90	20
Magnus Sheffield	INEOS Grenadiers	United States	183 cm	73 kg	23 jaar	86	79	83	84	65	54	86	72	86	82
Laurence Pithie	Red Bull-BORA-hansgrohe	New Zealand	185 cm	74 kg	23 jaar	86	81	86	77	37	87	45	40	89	46
Stefan Bissegger	Decathlon CMA CGM Team	Switzerland	181 cm	78 kg	27 jaar	86	85	89	55	33	69	88	38	87	82
Jan Christen	UAE Team Emirates-XRG	Switzerland	183 cm	60 kg	21 jaar	86	70	20	91	71	54	58	69	91	45
Marc Soler	UAE Team Emirates-XRG	Spain	186 cm	68 kg	32 jaar	86	46	33	72	91	38	48	76	43	41
Harold Tejada	XDS Astana Team	Colombia	180 cm	63 kg	28 jaar	86	62	20	87	84	53	75	82	60	65
António Morgado	UAE Team Emirates-XRG	Portugal	180 cm	71 kg	22 jaar	86	80	87	87	47	74	49	42	92	46
Emilien Jeannière	Team TotalEnergies	France	176 cm	0 kg	27 jaar	86	83	59	83	33	91	45	47	93	50
Bruno Armirail	Team Visma | Lease a Bike	France	190 cm	72 kg	31 jaar	86	78	20	55	81	42	91	69	64	91
Nils Politt	UAE Team Emirates-XRG	Germany	192 cm	80 kg	31 jaar	85	85	91	73	48	64	66	46	90	64
Dorian Godon	INEOS Grenadiers	France	189 cm	74 kg	29 jaar	85	68	20	90	45	77	53	52	90	45
Kaden Groves	Alpecin-Premier Tech	Australia	176 cm	76 kg	27 jaar	85	81	51	87	36	92	28	40	82	27
Marc Hirschi	Tudor Pro Cycling Team	Switzerland	174 cm	61 kg	27 jaar	85	85	48	94	52	62	41	59	95	29
Alex Aranburu	Cofidis	Spain	178 cm	63 kg	30 jaar	85	73	31	91	57	77	37	59	92	29
Diego Ulissi	XDS Astana Team	Italy	175 cm	63 kg	36 jaar	85	66	20	90	76	52	43	71	90	34
Mathias Vacek	Lidl-Trek	Czech Republic	188 cm	75 kg	23 jaar	85	80	66	79	50	68	89	54	87	80
Christophe Laporte	Team Visma | Lease a Bike	France	191 cm	76 kg	33 jaar	85	88	86	80	33	81	47	51	90	28
Matthew Brennan	Team Visma | Lease a Bike	Great Britain	177 cm	68 kg	20 jaar	85	80	52	79	46	89	56	52	90	44
Matthew Riccitello	Decathlon CMA CGM Team	United States	172 cm	55 kg	23 jaar	85	33	20	59	90	38	37	88	39	25
Julian Alaphilippe	Tudor Pro Cycling Team	France	173 cm	62 kg	33 jaar	85	70	45	92	70	50	40	67	91	34
Laurenz Rex	Soudal Quick-Step	Belgium	193 cm	83 kg	26 jaar	85	83	90	64	25	81	30	38	90	30
Christian Scaroni	XDS Astana Team	Italy	175 cm	63 kg	28 jaar	85	71	20	91	83	50	33	56	93	28
Cristián Rodríguez	XDS Astana Team	Spain	178 cm	59 kg	30 jaar	85	48	20	77	89	38	48	80	69	37
Rasmus Tiller	Uno-X Mobility	Norway	187 cm	84 kg	29 jaar	85	85	90	80	31	64	31	38	90	26
Marijn van den Berg	EF Education-EasyPost	Netherlands	182 cm	73 kg	26 jaar	85	78	83	72	28	88	31	49	86	30
Madis Mihkels	EF Education-EasyPost	Estonia	184 cm	75 kg	22 jaar	85	82	84	63	30	89	26	34	89	20
Alberto Bettiol	XDS Astana Team	Italy	180 cm	69 kg	32 jaar	85	72	66	90	51	55	76	61	90	63
Corbin Strong	NSN Cycling Team	New Zealand	173 cm	63 kg	25 jaar	85	74	51	90	40	84	23	58	91	23
Gianni Vermeersch	Red Bull-BORA-hansgrohe	Belgium	173 cm	68 kg	33 jaar	85	86	91	86	43	53	28	39	91	28
Lennert Van Eetvelt	Lotto-Intermarché	Belgium	176 cm	63 kg	24 jaar	84	57	59	87	79	56	41	78	82	31
Ben Tulett	Team Visma | Lease a Bike	Great Britain	169 cm	56 kg	24 jaar	84	54	44	90	75	39	36	64	89	29
Alec Segaert	Bahrain Victorious	Belgium	188 cm	79 kg	23 jaar	84	80	82	67	31	47	85	56	84	70
Tobias Lund Andresen	Decathlon CMA CGM Team	Denmark	181 cm	69 kg	23 jaar	84	84	32	81	43	92	20	51	91	20
Cian Uijtdebroeks	Movistar Team	Belgium	185 cm	68 kg	22 jaar	84	49	20	87	80	38	41	77	81	42
Pavel Bittner	Team Picnic PostNL	Czech Republic	184 cm	73 kg	23 jaar	84	80	68	67	31	92	29	50	87	29
Davide Ballerini	XDS Astana Team	Italy	183 cm	71 kg	31 jaar	84	77	86	80	27	83	25	42	84	25
Iván García Cortina	Movistar Team	Spain	183 cm	77 kg	30 jaar	84	75	88	68	31	82	20	40	85	20
Aurélien Paret-Peintre	Decathlon CMA CGM Team	France	184 cm	64 kg	29 jaar	84	64	67	88	78	53	56	74	80	51
Filippo Zana	Soudal Quick-Step	Italy	184 cm	66 kg	26 jaar	84	55	33	88	75	44	42	71	87	41
Damiano Caruso	Bahrain Victorious	Italy	179 cm	67 kg	38 jaar	84	47	20	71	86	53	53	85	40	47
Matej Mohorič	Bahrain Victorious	Slovenia	186 cm	71 kg	31 jaar	84	73	78	89	53	57	45	63	89	37
Anthony Turgis	Team TotalEnergies	France	178 cm	70 kg	31 jaar	84	72	69	76	29	89	28	39	88	27
Mikkel Bjerg	UAE Team Emirates-XRG	Denmark	191 cm	78 kg	27 jaar	84	84	89	58	43	54	88	47	87	89
Joshua Tarling	INEOS Grenadiers	Great Britain	194 cm	78 kg	22 jaar	84	89	71	48	43	49	94	41	85	93
Clément Champoussin	XDS Astana Team	France	180 cm	61 kg	27 jaar	84	60	20	90	69	49	33	70	89	28
Markus Hoelgaard	Uno-X Mobility	Norway	188 cm	74 kg	31 jaar	83	74	90	85	32	47	20	42	90	20
Quinten Hermans	Pinarello-Q36.5 Pro Cycling Team	Belgium	174 cm	62 kg	30 jaar	83	70	81	90	49	49	25	45	90	25
Yevgeniy Fedorov	XDS Astana Team	Kazakhstan	193 cm	80 kg	26 jaar	83	77	86	61	29	81	65	34	87	70
Tibor Del Grosso	Alpecin-Premier Tech	Netherlands	190 cm	70 kg	22 jaar	83	76	87	75	35	77	25	52	83	20
Oliver Naesen	Decathlon CMA CGM Team	Belgium	184 cm	74 kg	35 jaar	83	72	89	62	37	75	27	50	85	27
Maxim Van Gils	Red Bull-BORA-hansgrohe	Belgium	174 cm	63 kg	26 jaar	83	71	20	91	56	63	45	52	92	29
Luke Plapp	Team Jayco-AlUla	Australia	181 cm	72 kg	25 jaar	83	72	20	81	64	36	89	59	80	90
Alexis Renard	Cofidis	France	186 cm	74 kg	26 jaar	83	81	73	56	26	90	35	36	90	35
Pierre Gautherat	Decathlon CMA CGM Team	France	177 cm	70 kg	23 jaar	83	75	84	74	30	81	23	37	89	20
Felix Großschartner	UAE Team Emirates-XRG	Austria	184 cm	64 kg	32 jaar	83	63	20	82	83	44	76	71	77	62
Danny van Poppel	Red Bull-BORA-hansgrohe	Netherlands	184 cm	82 kg	32 jaar	83	82	61	65	29	92	29	48	88	29
Pablo Castrillo	Movistar Team	Spain	183 cm	74 kg	25 jaar	83	56	20	73	86	37	74	70	50	63
Clément Berthet	Groupama-FDJ United	France	184 cm	68 kg	28 jaar	82	59	47	87	74	46	42	70	83	40
Dylan Groenewegen	Unibet Rose Rockets	Netherlands	177 cm	70 kg	32 jaar	82	89	47	58	26	95	20	38	90	20
Iván Romeo	Movistar Team	Spain	193 cm	75 kg	22 jaar	82	72	31	73	63	41	88	64	71	86
Milan Fretin	Cofidis	Belgium	182 cm	70 kg	24 jaar	82	80	56	58	28	92	20	33	90	20
Wout Poels	Unibet Rose Rockets	Netherlands	186 cm	66 kg	38 jaar	82	37	20	68	87	35	28	73	50	28
Hugo Hofstetter	NSN Cycling Team	France	170 cm	66 kg	32 jaar	82	75	81	60	24	86	20	30	89	20
Ethan Vernon	NSN Cycling Team	Great Britain	188 cm	74 kg	25 jaar	82	76	36	56	40	90	64	38	71	41
Fabio Christen	Pinarello-Q36.5 Pro Cycling Team	Switzerland	184 cm	0 kg	23 jaar	82	69	67	85	38	77	27	44	90	26
Magnus Cort	Uno-X Mobility	Denmark	184 cm	68 kg	33 jaar	82	66	65	88	53	67	46	55	90	34
Milan Menten	Lotto-Intermarché	Belgium	174 cm	68 kg	29 jaar	82	78	75	70	32	85	24	43	88	20
Vincenzo Albanese	EF Education-EasyPost	Italy	175 cm	70 kg	29 jaar	82	69	78	83	36	76	30	44	89	31
Jenno Berckmoes	Lotto-Intermarché	Belgium	177 cm	61 kg	25 jaar	82	71	80	84	40	70	31	53	88	30
Simone Velasco	XDS Astana Team	Italy	170 cm	59 kg	30 jaar	82	68	33	91	60	58	39	58	92	37
Max Schachmann	Soudal Quick-Step	Germany	183 cm	71 kg	32 jaar	82	68	32	75	59	46	87	73	64	82
Daan Hoole	Decathlon CMA CGM Team	Netherlands	198 cm	84 kg	26 jaar	81	79	78	49	34	51	90	41	74	89
David Gaudu	Groupama-FDJ United	France	172 cm	53 kg	29 jaar	81	49	20	82	79	41	43	78	67	38
Alex Baudin	EF Education-EasyPost	France	183 cm	64 kg	24 jaar	81	56	20	89	61	40	35	62	85	28
Edoardo Zambanini	Bahrain Victorious	Italy	181 cm	62 kg	24 jaar	81	54	20	88	64	60	34	65	88	25
Valentin Paret-Peintre	Soudal Quick-Step	France	178 cm	52 kg	25 jaar	81	37	20	69	88	35	26	63	56	21
Paul Lapeira	Decathlon CMA CGM Team	France	176 cm	64 kg	25 jaar	81	63	20	89	47	64	39	50	90	23
Luke Lamperti	EF Education-EasyPost	United States	180 cm	74 kg	23 jaar	81	75	72	62	27	86	31	38	86	20
Dries De Bondt	Team Jayco-AlUla	Belgium	184 cm	73 kg	34 jaar	81	75	89	62	28	65	20	47	85	20
Ion Izagirre	Cofidis	Spain	173 cm	60 kg	37 jaar	81	63	31	90	56	46	50	59	90	37
Lewis Askey	NSN Cycling Team	Great Britain	187 cm	75 kg	24 jaar	81	73	82	74	32	78	25	47	88	26
Bryan Coquard	Cofidis	France	171 cm	59 kg	33 jaar	81	74	48	69	35	91	26	40	83	26
Junior Lecerf	Soudal Quick-Step	Belgium	169 cm	54 kg	23 jaar	81	45	20	70	80	48	36	83	51	20
Axel Laurance	INEOS Grenadiers	France	179 cm	63 kg	24 jaar	81	65	53	88	52	78	27	52	84	26
Mikkel Frølich Honoré	EF Education-EasyPost	Denmark	185 cm	68 kg	29 jaar	81	62	73	87	59	55	33	58	88	23
Davide Piganzoli	Team Visma | Lease a Bike	Italy	174 cm	61 kg	23 jaar	81	54	20	84	71	43	47	76	82	33
Lukas Kubis	Unibet Rose Rockets	Slovakia	175 cm	70 kg	26 jaar	81	77	76	68	34	83	49	53	90	44
Wilco Kelderman	Team Visma | Lease a Bike	Netherlands	185 cm	65 kg	34 jaar	81	50	20	79	83	42	53	74	60	36
Nicolas Prodhomme	Decathlon CMA CGM Team	France	174 cm	63 kg	29 jaar	81	51	44	82	81	45	34	73	80	31
Tom Van Asbroeck	NSN Cycling Team	Belgium	182 cm	72 kg	35 jaar	80	76	82	64	25	79	20	33	87	20
Rory Townsend	Unibet Rose Rockets	Ireland	184 cm	73 kg	30 jaar	80	73	52	54	22	90	33	36	90	32
Attila Valter	Bahrain Victorious	Hungary	185 cm	65 kg	27 jaar	80	53	41	86	68	42	50	63	85	51
Kevin Vermaerke	UAE Team Emirates-XRG	United States	181 cm	67 kg	25 jaar	80	51	34	85	70	51	25	65	83	24
Cees Bol	Decathlon CMA CGM Team	Netherlands	194 cm	83 kg	30 jaar	80	70	79	63	26	84	33	40	85	26
Ben Turner	INEOS Grenadiers	Great Britain	194 cm	74 kg	26 jaar	80	70	70	65	46	84	63	49	68	39
Phil Bauhaus	Bahrain Victorious	Germany	184 cm	75 kg	31 jaar	80	84	61	52	23	92	20	34	78	20
Sergio Higuita	XDS Astana Team	Colombia	166 cm	57 kg	28 jaar	80	45	20	81	76	43	28	79	70	25
Max Poole	Team Picnic PostNL	Great Britain	185 cm	0 kg	22 jaar	80	48	20	65	82	39	62	76	20	47
Matteo Moschetti	Pinarello-Q36.5 Pro Cycling Team	Italy	180 cm	73 kg	29 jaar	80	76	60	50	26	90	20	31	87	20
Axel Zingle	Team Visma | Lease a Bike	France	173 cm	67 kg	27 jaar	80	69	52	78	34	86	31	49	84	28
Sandy Dujardin	Team TotalEnergies	France	178 cm	0 kg	28 jaar	80	73	68	82	33	75	20	35	90	20
Roger Adrià	Movistar Team	Spain	179 cm	64 kg	27 jaar	80	58	61	89	55	53	32	46	90	30
Raúl García Pierna	Movistar Team	Spain	175 cm	67 kg	24 jaar	80	61	20	76	73	38	81	63	69	76
Paul Penhoët	Groupama-FDJ United	France	173 cm	64 kg	24 jaar	80	75	43	68	31	91	20	46	85	20
Orluis Aular	Movistar Team	Venezuela	176 cm	65 kg	29 jaar	80	67	55	79	44	85	29	48	74	20
Andreas Leknessund	Uno-X Mobility	Norway	186 cm	72 kg	26 jaar	80	63	20	78	56	40	83	60	81	86
Thibau Nys	Lidl-Trek	Belgium	176 cm	64 kg	23 jaar	80	59	26	90	60	47	34	46	90	20
Stanislaw Aniolkowski	Cofidis	Poland	181 cm	68 kg	29 jaar	79	73	56	52	29	91	20	44	78	20
Jonas Rutsch	Lotto-Intermarché	Germany	197 cm	82 kg	28 jaar	79	66	88	64	31	55	30	41	83	29
Carlos Canal	Movistar Team	Spain	179 cm	70 kg	24 jaar	79	62	66	84	41	62	31	52	86	26
Andrea Vendrame	Team Jayco-AlUla	Italy	168 cm	60 kg	31 jaar	79	60	48	87	60	65	32	48	83	26
Andrea Bagioli	Lidl-Trek	Italy	176 cm	60 kg	26 jaar	79	64	20	90	56	46	31	45	91	28
Pascal Ackermann	Team Jayco-AlUla	Germany	180 cm	78 kg	32 jaar	79	73	60	51	28	91	20	37	75	20
Edward Dunbar	Pinarello-Q36.5 Pro Cycling Team	Ireland	170 cm	57 kg	29 jaar	79	54	20	80	77	40	61	76	49	51
Max Kanter	XDS Astana Team	Germany	176 cm	68 kg	28 jaar	79	80	43	59	25	91	20	35	89	20
Max Walscheid	Lidl-Trek	Germany	199 cm	91 kg	32 jaar	79	72	72	46	24	82	66	34	77	55
Tim Torn Teutenberg	Lidl-Trek	Germany	183 cm	0 kg	23 jaar	79	69	46	58	30	89	43	34	74	39
Arne Marit	Red Bull-BORA-hansgrohe	Belgium	185 cm	72 kg	27 jaar	79	71	56	56	27	90	20	37	84	20
Xandro Meurisse	Pinarello-Q36.5 Pro Cycling Team	Belgium	181 cm	68 kg	34 jaar	79	59	63	86	51	51	36	58	86	36
Bastien Tronchon	Groupama-FDJ United	France	185 cm	72 kg	23 jaar	79	58	46	86	40	73	27	50	84	25
Joe Blackmore	NSN Cycling Team	Great Britain	181 cm	66 kg	22 jaar	79	57	63	88	54	51	35	57	82	20
Clément Venturini	Unibet Rose Rockets	France	165 cm	60 kg	32 jaar	78	67	23	83	40	77	23	47	90	20
Victor Campenaerts	Team Visma | Lease a Bike	Belgium	173 cm	68 kg	34 jaar	78	66	51	78	63	47	82	50	63	82
Yves Lampaert	Soudal Quick-Step	Belgium	180 cm	75 kg	34 jaar	78	76	82	59	30	66	60	48	80	34
Arjen Livyns	XDS Astana Team	Belgium	170 cm	58 kg	31 jaar	78	66	84	71	34	55	31	38	85	20
Lorenzo Milesi	Movistar Team	Italy	180 cm	70 kg	23 jaar	78	67	53	67	38	67	79	40	76	68
Jenthe Biermans	Cofidis	Belgium	184 cm	78 kg	30 jaar	78	69	71	71	33	80	20	33	87	20
Matteo Sobrero	Lidl-Trek	Italy	177 cm	63 kg	28 jaar	78	62	20	67	54	51	79	67	63	75
Sam Watson	INEOS Grenadiers	Great Britain	188 cm	68 kg	24 jaar	78	78	72	68	36	79	50	56	80	42
Casper Pedersen	Soudal Quick-Step	Denmark	186 cm	71 kg	29 jaar	78	68	88	57	25	53	38	38	82	29
Timo Kielich	Team Visma | Lease a Bike	Belgium	185 cm	73 kg	26 jaar	78	72	83	63	33	69	20	37	85	20
Mattia Cattaneo	Red Bull-BORA-hansgrohe	Italy	184 cm	67 kg	35 jaar	78	70	42	61	55	44	89	59	67	88
Marius Mayrhofer	Tudor Pro Cycling Team	Germany	182 cm	70 kg	25 jaar	78	65	72	77	33	78	29	41	84	27
Ethan Hayter	Soudal Quick-Step	Great Britain	180 cm	70 kg	27 jaar	78	75	26	51	42	52	90	54	56	81
Sebastián Molano	UAE Team Emirates-XRG	Colombia	180 cm	72 kg	31 jaar	78	87	37	58	23	91	20	31	85	20
Jake Stewart	NSN Cycling Team	Great Britain	179 cm	66 kg	26 jaar	77	63	52	66	30	86	25	42	63	25
Quinn Simmons	Lidl-Trek	United States	185 cm	73 kg	24 jaar	77	61	20	91	41	42	35	44	90	25
Torstein Træen	Uno-X Mobility	Norway	181 cm	63 kg	30 jaar	77	36	20	58	82	37	31	78	48	27
Louis Barré	Team Visma | Lease a Bike	France	184 cm	68 kg	25 jaar	77	63	32	90	40	43	28	47	90	25
Marco Frigo	NSN Cycling Team	Italy	188 cm	70 kg	25 jaar	77	53	20	68	73	32	71	61	52	57
Mick van Dijke	Red Bull-BORA-hansgrohe	Netherlands	190 cm	74 kg	25 jaar	77	67	85	57	37	62	42	39	78	33
Warren Barguil	Team Picnic PostNL	France	183 cm	61 kg	34 jaar	77	50	20	81	72	43	34	67	76	32
Stian Fredheim	Uno-X Mobility	Norway	184 cm	72 kg	22 jaar	77	66	51	57	23	87	20	34	83	20
Brent Van Moer	Pinarello-Q36.5 Pro Cycling Team	Belgium	191 cm	79 kg	28 jaar	77	70	83	63	35	59	41	45	87	38
Harold Martin López	XDS Astana Team	Ecuador	160 cm	55 kg	25 jaar	77	31	20	62	79	37	20	75	46	20
Marco Haller	Tudor Pro Cycling Team	Austria	178 cm	72 kg	34 jaar	77	66	81	70	36	61	30	46	82	31
Kasper Asgreen	EF Education-EasyPost	Denmark	193 cm	75 kg	31 jaar	77	73	63	64	34	63	85	45	71	87
Fredrik Dversnes	Uno-X Mobility	Norway		0 kg	28 jaar	77	64	60	85	36	51	43	49	87	37
Giovanni Lonardi	Team Polti VisitMalta	Italy	180 cm	70 kg	29 jaar	77	72	20	59	27	91	20	40	79	20
Gerben Thijssen	Alpecin-Premier Tech	Belgium	174 cm	74 kg	27 jaar	77	77	33	55	25	91	20	31	88	20
Finn Fisher-Black	Red Bull-BORA-hansgrohe	New Zealand	189 cm	69 kg	24 jaar	77	61	20	75	58	66	69	66	61	58
Daniel Felipe Martínez	Red Bull-BORA-hansgrohe	Colombia	172 cm	63 kg	29 jaar	77	53	20	70	78	42	69	77	67	63
Javier Romo	Movistar Team	Spain	184 cm	70 kg	27 jaar	77	51	20	81	71	42	32	67	67	29
Alberto Dainese	Soudal Quick-Step	Italy	175 cm	72 kg	27 jaar	77	74	45	54	25	91	27	38	76	27
Johannes Kulset	Uno-X Mobility	Norway	175 cm	58 kg	21 jaar	77	51	20	84	61	42	28	57	85	27
Laurens De Plus	INEOS Grenadiers	Belgium	189 cm	67 kg	30 jaar	77	43	31	62	77	42	53	79	52	47
Dylan Teuns	Cofidis	Belgium	181 cm	64 kg	33 jaar	76	58	68	82	55	43	36	52	84	31
Paul Seixas	Decathlon CMA CGM Team	France	186 cm	64 kg	19 jaar	76	59	20	78	68	38	67	56	84	67
Alexandre Delettre	Team TotalEnergies	France	170 cm	62 kg	28 jaar	76	59	33	85	36	51	20	53	87	20
Jan Tratnik	Red Bull-BORA-hansgrohe	Slovenia	173 cm	67 kg	35 jaar	76	62	76	71	61	36	64	47	84	53
Maikel Zijlaard	Tudor Pro Cycling Team	Netherlands	189 cm	73 kg	26 jaar	76	69	44	40	28	86	50	30	53	25
Tobias Foss	INEOS Grenadiers	Norway	184 cm	74 kg	28 jaar	76	67	38	59	61	38	86	57	65	86
Sam Bennett	Pinarello-Q36.5 Pro Cycling Team	Ireland	178 cm	73 kg	35 jaar	76	65	34	50	26	90	31	43	42	20
Nils Eekhoff	Team Picnic PostNL	Netherlands	192 cm	75 kg	28 jaar	76	72	71	51	24	80	37	34	85	25
Erlend Blikra	Uno-X Mobility	Norway	186 cm	75 kg	29 jaar	76	75	34	57	22	89	20	26	83	20
Benoît Cosnefroy	UAE Team Emirates-XRG	France	179 cm	65 kg	30 jaar	76	64	46	85	37	48	20	49	89	20
Davide Formolo	Movistar Team	Italy	182 cm	62 kg	33 jaar	76	51	51	85	59	42	26	47	85	26
Aimé De Gendt	Pinarello-Q36.5 Pro Cycling Team	Belgium	182 cm	75 kg	31 jaar	76	66	85	57	27	53	41	40	81	43
Matteo Malucelli	XDS Astana Team	Italy	171 cm	68 kg	32 jaar	76	71	25	46	26	91	28	45	61	20
Edoardo Affini	Team Visma | Lease a Bike	Italy	190 cm	80 kg	29 jaar	76	78	48	41	27	52	91	40	64	91
Rick Pluimers	Tudor Pro Cycling Team	Netherlands	180 cm	67 kg	25 jaar	76	63	73	73	31	75	20	40	87	20
Chris Harper	Pinarello-Q36.5 Pro Cycling Team	Australia	185 cm	67 kg	31 jaar	75	44	20	70	78	40	39	68	61	38
Anthon Charmig	Uno-X Mobility	Denmark	182 cm	66 kg	27 jaar	75	49	20	84	45	50	26	56	83	24
Thomas Silva	XDS Astana Team	Uruguay	175 cm	64 kg	24 jaar	75	55	20	80	54	65	20	52	83	20
Georg Zimmermann	Lotto-Intermarché	Germany	181 cm	70 kg	28 jaar	75	55	37	83	52	51	31	58	83	31
Tim van Dijke	Red Bull-BORA-hansgrohe	Netherlands	189 cm	74 kg	25 jaar	75	68	79	59	32	74	48	37	74	40
Frank van den Broek	Team Picnic PostNL	Netherlands	178 cm	70 kg	25 jaar	75	50	35	82	64	53	38	56	67	29
Filippo Baroncini	UAE Team Emirates-XRG	Italy	188 cm	74 kg	25 jaar	75	67	49	75	38	59	72	49	79	60
Bauke Mollema	Lidl-Trek	Netherlands	184 cm	64 kg	39 jaar	75	56	39	86	40	38	44	46	86	41
Enrico Zanoncello	Bardiani CSF 7 Saber	Italy	170 cm	64 kg	28 jaar	75	63	25	51	35	89	20	41	58	20
Riley Sheehan	NSN Cycling Team	United States	183 cm	69 kg	25 jaar	75	63	70	77	31	61	25	51	87	23
Dylan van Baarle	Soudal Quick-Step	Netherlands	189 cm	74 kg	33 jaar	75	67	84	62	37	35	47	40	77	44
Mauri Vansevenant	Soudal Quick-Step	Belgium	175 cm	60 kg	26 jaar	75	49	31	83	61	45	25	53	82	20
Casper van Uden	Team Picnic PostNL	Netherlands	181 cm	0 kg	24 jaar	75	69	41	48	28	90	24	38	69	20
John Degenkolb	Team Picnic PostNL	Germany	180 cm	82 kg	37 jaar	74	64	81	55	24	63	24	35	78	20
Natnael Tesfazion	Movistar Team	Eritrea	175 cm	60 kg	26 jaar	74	55	20	81	40	62	20	50	85	20
Rasmus Søjberg Pedersen	Decathlon CMA CGM Team	Denmark	182 cm	74 kg	23 jaar	74	64	67	51	25	80	41	31	77	42
Mathys Rondel	Tudor Pro Cycling Team	France	180 cm	0 kg	22 jaar	74	48	20	79	63	36	37	65	77	34
Steffen De Schuyteneer	Lotto-Intermarché	Belgium	184 cm	74 kg	20 jaar	74	68	56	49	24	84	39	43	73	37
Quentin Pacher	Groupama-FDJ United	France	179 cm	62 kg	34 jaar	74	50	31	81	62	47	44	56	73	43
Hugo Page	Cofidis	France	185 cm	71 kg	24 jaar	74	62	55	57	29	82	33	40	80	31
Lionel Taminiaux	Lotto-Intermarché	Belgium	173 cm	74 kg	29 jaar	74	68	65	53	24	80	20	32	78	20
Amaury Capiot	Team Jayco-AlUla	Belgium	186 cm	69 kg	32 jaar	74	67	55	54	29	84	27	40	76	27
Jon Barrenetxea	Movistar Team	Spain	188 cm	74 kg	25 jaar	74	55	45	81	42	64	20	40	87	20
Alexey Lutsenko	NSN Cycling Team	Kazakhstan	174 cm	74 kg	33 jaar	74	53	29	79	59	45	58	53	75	48
Nelson Oliveira	Movistar Team	Portugal	180 cm	67 kg	36 jaar	74	66	20	59	48	48	87	47	64	87
Clément Russo	Groupama-FDJ United	France	187 cm	74 kg	31 jaar	74	68	72	55	34	80	38	40	74	36
Sam Welsford	INEOS Grenadiers	Australia	182 cm	79 kg	30 jaar	74	72	41	46	23	90	27	35	72	20
Ivo Oliveira	UAE Team Emirates-XRG	Portugal	185 cm	68 kg	29 jaar	74	66	32	60	34	64	66	39	59	45
Aaron Gate	XDS Astana Team	New Zealand	181 cm	71 kg	35 jaar	73	64	51	69	39	77	44	54	74	36
Arvid de Kleijn	Tudor Pro Cycling Team	Netherlands	171 cm	68 kg	31 jaar	73	71	20	46	25	91	20	31	73	20
Fernando Gaviria	Caja Rural-Seguros RGA	Colombia	181 cm	71 kg	31 jaar	73	66	25	45	25	90	20	32	55	20
Edward Theuns	Lidl-Trek	Belgium	183 cm	72 kg	34 jaar	73	70	66	48	24	79	28	38	78	27
Rui Oliveira	UAE Team Emirates-XRG	Portugal	183 cm	66 kg	29 jaar	73	59	57	63	26	79	20	34	74	20
Pau Miquel Delgado	Bahrain Victorious	Spain	180 cm	65 kg	25 jaar	73	56	34	79	46	64	23	35	86	20
Michael Valgren	EF Education-EasyPost	Denmark	179 cm	71 kg	34 jaar	73	58	75	78	47	49	30	41	76	29
Archie Ryan	EF Education-EasyPost	Ireland	172 cm	56 kg	24 jaar	73	43	20	80	69	32	26	50	75	20
Oded Kogut	NSN Cycling Team	Israel	171 cm	77 kg	25 jaar	73	60	44	41	22	89	23	29	70	20
Stephen Williams	NSN Cycling Team	Great Britain	183 cm	59 kg	29 jaar	72	39	20	82	49	46	25	53	73	21
Matyáš Kopecký	Unibet Rose Rockets	Czech Republic		0 kg	23 jaar	72	64	56	62	26	77	23	42	75	20
Lorenzo Rota	Lotto-Intermarché	Italy	173 cm	62 kg	30 jaar	72	55	20	82	34	50	23	42	84	23
Jakob Söderqvist	Lidl-Trek	Sweden	187 cm	83 kg	22 jaar	72	68	39	49	34	38	81	48	60	71
Mathieu Burgaudeau	Team TotalEnergies	France	168 cm	61 kg	27 jaar	72	54	33	82	51	44	40	49	77	41
Jack Haig	INEOS Grenadiers	Australia	190 cm	67 kg	32 jaar	72	44	20	69	73	43	47	66	46	45
Gianmarco Garofoli	Soudal Quick-Step	Italy	180 cm	62 kg	23 jaar	72	51	37	76	65	59	44	45	74	41
Anders Halland Johannessen	Uno-X Mobility	Norway	176 cm	0 kg	26 jaar	72	44	41	79	58	34	24	56	69	20
Rudy Molard	Groupama-FDJ United	France	178 cm	62 kg	36 jaar	72	41	20	78	59	38	20	59	77	20
Gregor Mühlberger	Decathlon CMA CGM Team	Austria	180 cm	64 kg	31 jaar	72	42	31	71	73	36	28	70	64	26
Ewen Costiou	Groupama-FDJ United	France	176 cm	64 kg	23 jaar	72	55	20	77	57	42	49	62	72	35
Matis Louvel	NSN Cycling Team	France	187 cm	77 kg	26 jaar	72	60	71	65	31	72	23	40	81	23
Victor Langellotti	INEOS Grenadiers	Monaco	177 cm	64 kg	30 jaar	71	41	20	73	64	47	32	62	51	20
Remi Cavagna	Groupama-FDJ United	France	186 cm	78 kg	30 jaar	71	66	42	54	28	39	85	43	63	81
Afonso Eulalio	Bahrain Victorious	Portugal	174 cm	62 kg	24 jaar	71	44	46	79	57	34	24	49	72	23
Julien Bernard	Lidl-Trek	France	176 cm	60 kg	33 jaar	71	47	20	76	67	41	30	54	73	29
Francesco Busatto	Alpecin-Premier Tech	Italy	172 cm	62 kg	23 jaar	71	53	34	81	32	48	20	39	84	20
Piet Allegaert	Cofidis	Belgium	181 cm	70 kg	31 jaar	71	65	75	47	23	72	20	32	80	20
Thibaud Gruel	Groupama-FDJ United	France	180 cm	70 kg	21 jaar	71	66	27	68	41	72	42	49	77	35
Paul Double	Team Jayco-AlUla	Great Britain	171 cm	56 kg	29 jaar	71	36	20	69	60	35	20	73	50	20
Steff Cras	Soudal Quick-Step	Belgium	183 cm	67 kg	30 jaar	71	47	20	73	64	44	46	68	57	45
Jensen Plowright	Alpecin-Premier Tech	Australia	176 cm	80 kg	25 jaar	71	60	26	47	25	84	20	33	68	20
Alex Kirsch	Cofidis	Luxembourg	194 cm	78 kg	33 jaar	71	63	77	52	29	60	55	41	76	48
Jason Tesson	Team TotalEnergies	France	166 cm	59 kg	28 jaar	71	62	26	45	24	87	20	28	76	20
Patrick Konrad	Lidl-Trek	Austria	181 cm	64 kg	34 jaar	71	47	20	77	57	50	33	58	73	24
Matevz Govekar	Bahrain Victorious	Slovenia	180 cm	73 kg	25 jaar	71	55	34	56	26	82	32	35	57	32
Vito Braet	Lotto-Intermarché	Belgium	184 cm	68 kg	25 jaar	71	64	72	63	28	64	28	37	82	27
Andreas Kron	Uno-X Mobility	Denmark	177 cm	63 kg	27 jaar	71	49	20	80	49	41	20	52	77	20
Edward Planckaert	Alpecin-Premier Tech	Belgium	178 cm	71 kg	31 jaar	70	60	73	62	40	69	20	40	65	20
Igor Arrieta	UAE Team Emirates-XRG	Spain	182 cm	64 kg	23 jaar	70	51	41	77	56	35	27	51	72	25
Simone Consonni	Lidl-Trek	Italy	165 cm	60 kg	31 jaar	70	63	48	44	26	83	29	38	66	27
Davide De Pretto	Team Jayco-AlUla	Italy	172 cm	58 kg	23 jaar	70	53	20	80	31	51	20	38	81	20
Benjamin Thomas	Cofidis	France	179 cm	68 kg	30 jaar	70	61	20	73	26	53	56	43	78	41
Victor Lafay	Unibet Rose Rockets	France	177 cm	65 kg	30 jaar	70	38	20	78	46	35	20	65	68	20
Mark Donovan	Pinarello-Q36.5 Pro Cycling Team	Great Britain	185 cm	70 kg	26 jaar	70	59	73	71	48	46	35	51	74	26
Fabio Jakobsen	Team Picnic PostNL	Netherlands	181 cm	78 kg	29 jaar	70	65	60	41	21	82	20	28	59	20
Manuel Peñalver	Team Polti VisitMalta	Spain	177 cm	67 kg	27 jaar	70	62	20	41	31	89	20	29	61	20
Søren Kragh Andersen	Lidl-Trek	Denmark	178 cm	73 kg	31 jaar	70	66	69	67	30	63	51	48	81	32
Carlos Verona	Lidl-Trek	Spain	186 cm	68 kg	33 jaar	69	34	20	53	76	37	25	58	41	26
Urko Berrade	Equipo Kern Pharma	Spain	184 cm	72 kg	28 jaar	69	54	20	75	47	36	55	52	69	52
George Bennett	NSN Cycling Team	New Zealand	181 cm	58 kg	35 jaar	69	44	20	71	69	35	35	59	64	37
Yannis Voisard	Tudor Pro Cycling Team	Switzerland		56 kg	27 jaar	69	47	31	68	69	35	51	65	61	39
Fernando Barceló	Caja Rural-Seguros RGA	Spain	174 cm	65 kg	30 jaar	69	52	35	74	53	56	30	47	78	20
Emanuel Buchmann	Cofidis	Germany	180 cm	59 kg	33 jaar	69	41	20	67	66	42	31	70	53	29
Lennard Kämna	Lidl-Trek	Germany	181 cm	65 kg	29 jaar	69	46	20	66	64	45	60	69	45	54
Eduard Prades	Caja Rural-Seguros RGA	Spain	178 cm	63 kg	38 jaar	69	50	34	76	42	54	20	31	86	20
Pascal Eenkhoorn	Soudal Quick-Step	Netherlands	185 cm	72 kg	29 jaar	69	53	56	76	42	41	32	45	69	31
Pier-André Côté	NSN Cycling Team	Canada	181 cm	74 kg	28 jaar	69	59	52	58	42	55	66	42	69	58
Marco Brenner	Tudor Pro Cycling Team	Germany	181 cm	59 kg	23 jaar	69	49	20	76	50	40	36	61	70	33
Michal Kwiatkowski	INEOS Grenadiers	Poland	176 cm	68 kg	35 jaar	68	59	66	71	55	47	53	52	73	49
Alessandro Covi	Team Jayco-AlUla	Italy	180 cm	66 kg	27 jaar	68	54	28	75	54	45	20	47	78	20
Rémy Rochas	Groupama-FDJ United	France	164 cm	51 kg	29 jaar	68	42	20	74	56	43	24	56	57	20
Jose Manuel Diaz	Burgos Burpellet BH	Spain	177 cm	64 kg	31 jaar	68	48	37	74	53	35	20	58	71	20
Dries van Gestel	Soudal Quick-Step	Belgium	188 cm	74 kg	31 jaar	68	65	69	55	26	69	27	34	76	25
Lukas Nerurkar	EF Education-EasyPost	Great Britain	177 cm	0 kg	22 jaar	68	42	20	73	60	38	25	50	75	25
Nico Denz	Red Bull-BORA-hansgrohe	Germany	183 cm	71 kg	32 jaar	68	53	39	75	34	54	45	40	63	39
Connor Swift	INEOS Grenadiers	Great Britain	190 cm	75 kg	30 jaar	68	58	71	63	34	43	52	41	69	47
Sylvain Moniquet	Cofidis	Belgium	175 cm	61 kg	28 jaar	68	43	20	74	57	32	34	57	69	23
Felix Engelhardt	Team Jayco-AlUla	Germany	180 cm	68 kg	25 jaar	68	50	32	75	50	46	24	51	76	20
Gleb Syritsa	XDS Astana Team	Russia	190 cm	85 kg	25 jaar	68	57	45	38	22	79	41	32	62	37
Krists Neilands	NSN Cycling Team	Latvia	189 cm	69 kg	31 jaar	68	54	63	70	44	57	39	45	76	37
Georg Steinhauser	EF Education-EasyPost	Germany	189 cm	70 kg	24 jaar	68	44	20	67	74	34	38	50	66	36
Axel Huens	Groupama-FDJ United	France		0 kg	24 jaar	68	57	56	55	25	73	20	36	76	20
Erik Resell	Uno-X Mobility	Norway	192 cm	0 kg	29 jaar	68	64	74	50	23	54	20	30	75	20
Juan Pedro López	Movistar Team	Spain	170 cm	60 kg	28 jaar	68	38	20	63	67	33	32	68	44	31
Simon Dehairs	Alpecin-Premier Tech	Belgium	192 cm	82 kg	24 jaar	68	63	24	45	27	82	20	27	78	20
Nicola Conci	XDS Astana Team	Italy	185 cm	68 kg	29 jaar	68	44	20	76	55	41	20	51	68	20
Giovanni Aleotti	Red Bull-BORA-hansgrohe	Italy	180 cm	64 kg	26 jaar	68	43	24	71	63	40	20	60	62	20
Sakarias Koller Løland	Uno-X Mobility	Norway	180 cm	0 kg	24 jaar	67	53	34	74	31	58	20	35	77	20
Tord Gudmestad	Decathlon CMA CGM Team	Norway	188 cm	82 kg	24 jaar	67	55	38	41	25	82	20	33	63	20
Albert Withen Philipsen	Lidl-Trek	Denmark	184 cm	0 kg	19 jaar	67	57	50	72	41	43	42	40	83	37
Anders Foldager	Team Jayco-AlUla	Denmark	181 cm	69 kg	24 jaar	67	53	36	70	36	69	20	48	68	20
Bart Lemmen	Team Visma | Lease a Bike	Netherlands	180 cm	70 kg	30 jaar	67	45	20	69	60	43	44	59	61	33
Kelland O'Brien	Team Jayco-AlUla	Australia	195 cm	79 kg	27 jaar	67	56	57	49	32	49	63	38	61	43
Itamar Einhorn	NSN Cycling Team	Israel	172 cm	72 kg	28 jaar	67	55	29	42	29	82	20	27	67	20
Niklas Larsen	Unibet Rose Rockets	Denmark	183 cm	74 kg	28 jaar	67	60	25	51	26	50	73	50	66	63
Iúri Leitão	Caja Rural-Seguros RGA	Portugal	175 cm	65 kg	27 jaar	67	54	20	37	22	78	38	30	59	28
Henok Mulubrhan	XDS Astana Team	Eritrea	176 cm	60 kg	26 jaar	67	47	20	63	66	60	20	61	63	20
Harry Sweeny	EF Education-EasyPost	Australia	186 cm	75 kg	27 jaar	67	54	58	68	58	49	51	63	64	40
Kevin Geniets	Groupama-FDJ United	Luxembourg	193 cm	73 kg	29 jaar	67	47	45	74	54	39	35	48	72	33
Huub Artz	Lotto-Intermarché	Netherlands	186 cm	71 kg	23 jaar	67	61	49	51	38	60	60	40	61	37
Tao Geoghegan Hart	Lidl-Trek	Great Britain	183 cm	65 kg	30 jaar	67	45	20	66	60	30	61	66	40	55
Jørgen Nordhagen	Team Visma | Lease a Bike	Norway	177 cm	59 kg	21 jaar	67	46	31	73	53	34	50	59	64	43
Stefano Oldani	Caja Rural-Seguros RGA	Italy	178 cm	65 kg	28 jaar	67	52	20	71	38	69	20	39	77	20
Nairo Quintana	Movistar Team	Colombia	167 cm	58 kg	36 jaar	67	39	20	67	70	36	27	57	62	28
Jefferson Cepeda	Movistar Team	Ecuador	170 cm	61 kg	29 jaar	67	46	20	67	65	32	45	60	62	38
Abel Balderstone	Caja Rural-Seguros RGA	Spain	179 cm	61 kg	25 jaar	67	40	20	46	66	33	48	69	45	33
Thibault Guernalec	Team TotalEnergies	France	185 cm	71 kg	28 jaar	67	59	20	41	26	35	79	43	51	78
Dušan Rajović	Solution Tech-NIPPO-Rali	Serbia	183 cm	74 kg	28 jaar	67	56	41	41	24	80	28	40	52	20
Owain Doull	Team Visma | Lease a Bike	Great Britain	181 cm	71 kg	32 jaar	66	56	70	52	34	60	28	38	71	23
Jesus Herrada	Burgos Burpellet BH	Spain	183 cm	70 kg	35 jaar	66	45	20	71	55	36	37	51	74	28
José Félix Parra	Caja Rural-Seguros RGA	Spain	171 cm	55 kg	29 jaar	66	36	20	55	71	31	20	57	61	20
David de la Cruz	Pinarello-Q36.5 Pro Cycling Team	Spain	182 cm	66 kg	36 jaar	66	45	20	62	65	35	56	65	61	49
Jan Hirt	NSN Cycling Team	Czech Republic	181 cm	62 kg	35 jaar	66	30	20	43	73	36	28	63	26	29
Eric Fagúndez	Burgos Burpellet BH	Uruguay	180 cm	67 kg	27 jaar	66	54	46	71	51	48	27	49	75	20
Nicolò Parisini	Pinarello-Q36.5 Pro Cycling Team	Italy	183 cm	65 kg	25 jaar	66	56	57	48	25	72	20	33	69	20
Odd Christian Eiking	Unibet Rose Rockets	Norway	181 cm	75 kg	31 jaar	66	41	20	69	63	38	28	50	70	27
Johan Jacobs	Groupama-FDJ United	Switzerland	192 cm	78 kg	28 jaar	66	56	72	50	26	54	27	34	73	27
Brieuc Rolland	Groupama-FDJ United	France	179 cm	59 kg	22 jaar	66	44	20	75	53	35	27	46	63	24
Filippo Fiorelli	Team Visma | Lease a Bike	Italy		0 kg	31 jaar	66	55	20	67	44	70	21	44	67	21
Elmar Reinders	Unibet Rose Rockets	Netherlands	190 cm	78 kg	33 jaar	65	59	52	39	24	72	37	38	67	27
Clément Braz Afonso	Groupama-FDJ United	France	163 cm	50 kg	26 jaar	65	44	20	72	49	42	20	47	69	20
Jordan Labrosse	Decathlon CMA CGM Team	France	178 cm	65 kg	23 jaar	65	56	62	68	33	52	37	36	69	20
Filippo Magli	Bardiani CSF 7 Saber	Italy		0 kg	26 jaar	65	53	31	69	29	62	20	38	79	20
Alex Molenaar	Caja Rural-Seguros RGA	Netherlands	184 cm	63 kg	26 jaar	65	50	36	69	47	54	36	43	75	31
Damien Howson	Pinarello-Q36.5 Pro Cycling Team	Australia	188 cm	68 kg	33 jaar	65	35	20	62	65	33	27	61	41	20
Sander De Pestel	Decathlon CMA CGM Team	Belgium	184 cm	74 kg	27 jaar	65	58	68	53	36	53	52	41	68	42
William Barta	Tudor Pro Cycling Team	United States	180 cm	61 kg	30 jaar	65	47	20	65	59	32	61	61	47	58
Michael Leonard	EF Education-EasyPost	Canada	170 cm	60 kg	21 jaar	65	56	20	49	33	35	76	39	59	78
Lawrence Warbasse	Tudor Pro Cycling Team	United States	183 cm	67 kg	35 jaar	65	45	31	73	43	44	37	45	71	37
Gonzalo Serrano	Movistar Team	Spain	177 cm	65 kg	31 jaar	64	49	52	67	38	54	30	37	73	20
Cédric Beullens	Lotto-Intermarché	Belgium	190 cm	79 kg	29 jaar	64	56	56	51	28	67	29	34	71	26
Jules Hesters	Team Flanders-Baloise	Belgium	180 cm	72 kg	27 jaar	64	53	49	38	21	76	20	28	60	20
Florian Stork	Tudor Pro Cycling Team	Germany	185 cm	65 kg	28 jaar	64	44	20	66	62	40	31	55	65	22
Sam Oomen	Lidl-Trek	Netherlands	177 cm	65 kg	30 jaar	64	40	20	69	57	33	26	52	65	21
Johan Price-Pejtersen	Alpecin-Premier Tech	Denmark	191 cm	83 kg	26 jaar	64	56	25	27	22	31	78	30	40	61
Riley Pickrell	Modern Adventure Pro Cycling	Canada	171 cm	72 kg	24 jaar	63	57	43	43	21	72	35	27	66	20
Mathis Le Berre	Team TotalEnergies	France	176 cm	68 kg	24 jaar	63	46	49	67	46	53	23	44	68	20
Embret Svestad-Bårdseng	INEOS Grenadiers	Norway	185 cm	0 kg	23 jaar	63	41	20	64	59	42	36	60	61	34
Alessandro Pinarello	NSN Cycling Team	Italy		0 kg	22 jaar	63	47	20	71	38	42	20	44	73	20
Joel Nicolau	Caja Rural-Seguros RGA	Spain	176 cm	66 kg	28 jaar	63	50	38	68	43	54	20	44	72	20
Brandon Rivera	INEOS Grenadiers	Colombia	170 cm	60 kg	29 jaar	63	47	40	64	55	42	53	52	48	50
Arthur Kluckers	Tudor Pro Cycling Team	Luxembourg	192 cm	71 kg	25 jaar	63	55	46	41	23	37	64	36	55	51
Damien Touzé	Cofidis	France	174 cm	69 kg	29 jaar	63	53	62	52	32	65	34	44	67	29
Fabian Lienhard	Tudor Pro Cycling Team	Switzerland	183 cm	73 kg	32 jaar	63	52	65	46	25	65	20	37	67	20
Ådne Holter	Uno-X Mobility	Norway	184 cm	0 kg	25 jaar	63	44	31	71	39	35	26	49	68	25
Callum Scotson	Decathlon CMA CGM Team	Australia	183 cm	77 kg	29 jaar	63	40	33	53	66	35	44	59	42	41
Mattéo Vercher	Team TotalEnergies	France	171 cm	0 kg	25 jaar	63	47	20	73	33	39	29	42	71	29
Marcel Camprubí	Pinarello-Q36.5 Pro Cycling Team	Spain	178 cm	69 kg	24 jaar	63	41	41	72	43	41	20	39	71	20
Luca Van Boven	Lotto-Intermarché	Belgium	179 cm	68 kg	26 jaar	63	53	50	64	28	61	23	43	74	24
Jonas Rickaert	Alpecin-Premier Tech	Belgium	187 cm	88 kg	32 jaar	63	58	54	42	35	70	39	39	67	38
Ben Zwiehoff	Red Bull-BORA-hansgrohe	Germany	182 cm	61 kg	31 jaar	63	40	20	62	61	49	35	61	45	29
Alexander Cepeda	EF Education-EasyPost	Ecuador	164 cm	56 kg	27 jaar	63	37	20	65	63	34	20	52	59	20
Frederik Frison	Pinarello-Q36.5 Pro Cycling Team	Belgium	193 cm	84 kg	33 jaar	62	57	68	42	23	48	37	31	66	29
Florian Sénéchal	Alpecin-Premier Tech	France	179 cm	77 kg	32 jaar	62	54	54	47	23	67	23	32	67	23
Frederik Wandahl	Red Bull-BORA-hansgrohe	Denmark	178 cm	61 kg	24 jaar	62	42	20	70	37	40	20	39	76	20
Per Strand Hagenes	Team Visma | Lease a Bike	Norway	186 cm	78 kg	22 jaar	62	54	59	62	34	48	38	51	74	24
Hugo Houle	Alpecin-Premier Tech	Canada	182 cm	72 kg	35 jaar	62	46	39	68	45	48	39	42	67	30
David González	Pinarello-Q36.5 Pro Cycling Team	Spain	180 cm	68 kg	29 jaar	62	49	44	58	46	67	20	38	61	20
Thomas Gachignard	Team TotalEnergies	France		0 kg	25 jaar	62	58	61	63	36	55	54	49	68	53
Ben Swift	INEOS Grenadiers	Great Britain	179 cm	69 kg	38 jaar	62	50	53	59	39	64	20	41	68	20
Johannes Staune-Mittet	Decathlon CMA CGM Team	Norway	182 cm	67 kg	24 jaar	62	36	20	62	61	28	36	60	47	28
Haimar Etxeberria	Red Bull-BORA-hansgrohe	Spain	177 cm	65 kg	22 jaar	62	45	20	64	40	58	20	31	79	20
Bob Jungels	INEOS Grenadiers	Luxembourg	189 cm	70 kg	33 jaar	62	46	48	66	60	48	46	48	58	42
Marc Brustenga	Equipo Kern Pharma	Spain	190 cm	80 kg	26 jaar	62	51	31	41	24	77	20	28	54	20
Nick Schultz	NSN Cycling Team	Australia	180 cm	68 kg	31 jaar	62	41	20	70	42	45	26	42	67	25
Brady Gilmore	NSN Cycling Team	Australia	172 cm	70 kg	24 jaar	62	49	40	68	41	50	25	43	71	24
Milan Vader	Pinarello-Q36.5 Pro Cycling Team	Netherlands	173 cm	63 kg	29 jaar	62	47	49	66	39	52	20	50	65	20
Jonathan Lastra	Euskaltel-Euskadi	Spain	172 cm	64 kg	32 jaar	62	42	20	68	33	47	20	41	74	20
Mirco Maestri	Team Polti VisitMalta	Italy	185 cm	73 kg	34 jaar	62	51	20	64	29	65	43	42	61	41
Ryan Mullen	NSN Cycling Team	Ireland	189 cm	77 kg	31 jaar	62	52	31	34	23	46	73	34	57	75
Emils Liepiņš	Pinarello-Q36.5 Pro Cycling Team	Latvia	175 cm	67 kg	33 jaar	62	54	43	44	24	69	38	32	64	37
Joris Delbove	Team TotalEnergies	France		0 kg	25 jaar	61	50	27	64	53	43	20	53	68	20
Mathias Sunekær Norsgaard	Lidl-Trek	Denmark	202 cm	88 kg	28 jaar	61	53	66	46	24	53	41	33	67	36
Rune Herregodts	UAE Team Emirates-XRG	Belgium	181 cm	70 kg	27 jaar	61	50	29	51	35	35	61	42	54	52
Hartthijs de Vries	Unibet Rose Rockets	Netherlands	184 cm	66 kg	29 jaar	61	55	64	56	23	43	20	41	69	20
Guillaume Boivin	NSN Cycling Team	Canada	180 cm	78 kg	36 jaar	61	53	60	55	28	61	27	36	71	27
Léo Bisiaux	Decathlon CMA CGM Team	France	181 cm	58 kg	21 jaar	61	44	23	67	52	30	32	48	61	29
Xabier Berasategi	Euskaltel-Euskadi	Spain		0 kg	25 jaar	61	51	34	62	30	64	20	34	77	20
Florian Dauphin	Team TotalEnergies	France	180 cm	70 kg	26 jaar	61	55	51	55	24	62	20	32	72	20
Jaume Guardeño	Caja Rural-Seguros RGA	Spain	175 cm	62 kg	22 jaar	61	30	20	40	61	30	23	66	36	23
Iván Cobo	Equipo Kern Pharma	Spain	186 cm	64 kg	26 jaar	61	45	20	67	39	36	35	48	66	20
Chris Hamilton	Team Picnic PostNL	Australia	178 cm	70 kg	30 jaar	61	40	32	66	50	41	26	54	58	25
Unai Iribar	Equipo Kern Pharma	Spain	183 cm	64 kg	26 jaar	61	43	20	66	47	35	20	47	68	20
Lorenzo Germani	Groupama-FDJ United	Italy	179 cm	62 kg	23 jaar	61	44	31	67	38	34	40	44	64	32
Xabier Azparren	Pinarello-Q36.5 Pro Cycling Team	Spain		0 kg	26 jaar	61	50	20	41	26	35	70	36	50	65
Martin Marcellusi	Bardiani CSF 7 Saber	Italy	172 cm	62 kg	25 jaar	60	48	20	63	45	55	20	35	66	20
Vlad Van Mechelen	Bahrain Victorious	Belgium	183 cm	73 kg	21 jaar	60	56	61	53	23	51	27	35	70	20
Bert Van Lerberghe	Soudal Quick-Step	Belgium	190 cm	83 kg	33 jaar	60	56	58	39	24	66	27	37	62	27
Louis Vervaeke	Soudal Quick-Step	Belgium	181 cm	68 kg	32 jaar	60	40	30	64	57	40	28	45	57	23
Robert Donaldson	Team Jayco-AlUla	Great Britain	189 cm	0 kg	23 jaar	60	53	51	53	27	64	24	37	59	20
Diego Pescador	Movistar Team	Colombia	174 cm	60 kg	21 jaar	60	43	20	68	41	37	23	38	70	23
Henri Uhlig	Alpecin-Premier Tech	Germany	180 cm	69 kg	24 jaar	60	49	31	53	26	66	26	34	66	20
Gotzon Martín	Euskaltel-Euskadi	Spain		0 kg	30 jaar	60	51	44	62	35	57	20	38	73	20
Alexander Kamp	Uno-X Mobility	Denmark	186 cm	74 kg	32 jaar	60	41	20	69	28	32	26	39	70	24
Merhawi Kudus	Burgos Burpellet BH	Eritrea	173 cm	58 kg	32 jaar	60	41	20	63	52	42	41	42	64	20
Cyril Barthe	Groupama-FDJ United	France	184 cm	70 kg	30 jaar	60	51	46	50	33	65	27	35	65	27
Maxime Decomble	Groupama-FDJ United	France	174 cm	62 kg	20 jaar	60	57	30	44	35	33	64	41	60	55
Taco van der Hoorn	Lotto-Intermarché	Netherlands	187 cm	73 kg	32 jaar	60	56	68	40	22	45	20	29	64	20
Ivan Sosa	Equipo Kern Pharma	Colombia	168 cm	52 kg	28 jaar	60	29	20	49	67	26	20	46	56	20
Max Walker	EF Education-EasyPost	Great Britain		0 kg	24 jaar	59	51	45	43	24	40	55	36	54	41
Luca Colnaghi	Bardiani CSF 7 Saber	Italy	171 cm	63 kg	27 jaar	59	47	20	47	32	70	20	32	57	20
Kim Heiduk	INEOS Grenadiers	Germany	184 cm	70 kg	25 jaar	59	46	44	48	32	65	30	41	47	26
Luka Mezgec	Team Jayco-AlUla	Slovenia	183 cm	72 kg	37 jaar	59	50	36	50	25	67	20	39	55	20
Jasha Sütterlin	Team Jayco-AlUla	Germany	184 cm	78 kg	33 jaar	59	47	36	44	34	42	58	38	42	46
Finlay Pickering	Team Jayco-AlUla	Great Britain	174 cm	55 kg	23 jaar	59	31	20	54	62	26	33	53	37	28
Tijmen Graat	Team Visma | Lease a Bike	Netherlands	176 cm	0 kg	23 jaar	59	38	33	64	50	33	23	47	59	20
Lorenzo Quartucci	Burgos Burpellet BH	Italy	170 cm	64 kg	26 jaar	59	47	31	64	43	50	20	45	65	20
Sam Maisonobe	Cofidis	France		0 kg	22 jaar	59	44	45	66	39	40	23	39	65	23
Carl-Frederik Bévort	Uno-X Mobility	Denmark	184 cm	0 kg	22 jaar	59	54	22	40	23	63	57	32	60	58
Niklas Märkl	Team Picnic PostNL	Germany	185 cm	70 kg	26 jaar	59	47	36	43	28	70	27	39	52	27
Rainer Kepplinger	Bahrain Victorious	Austria	179 cm	70 kg	28 jaar	59	42	20	53	52	31	51	50	43	37
Sergio Samitier	Cofidis	Spain	181 cm	63 kg	30 jaar	59	39	20	64	47	36	23	46	67	20
Ludovico Crescioli	Team Polti VisitMalta	Italy		0 kg	22 jaar	59	40	20	63	51	35	20	39	69	20
Jasper De Buyst	Lotto-Intermarché	Belgium	179 cm	72 kg	32 jaar	59	49	52	60	29	53	24	38	69	20
Kamil Małecki	Pinarello-Q36.5 Pro Cycling Team	Poland	174 cm	69 kg	30 jaar	58	50	65	39	23	45	38	28	60	41
Nikias Arndt	Bahrain Victorious	Germany	187 cm	77 kg	34 jaar	58	49	45	43	30	65	32	35	52	27
Gal Glivar	Alpecin-Premier Tech	Slovenia	171 cm	64 kg	23 jaar	58	42	24	64	32	42	30	42	63	20
Matthias Schwarzbacher	EF Education-EasyPost	Slovakia	183 cm	72 kg	20 jaar	58	53	43	46	27	43	52	29	58	50
Luca Vergallito	Alpecin-Premier Tech	Italy	190 cm	67 kg	28 jaar	58	35	20	61	51	33	26	53	56	25
Ward Vanhoof	Team Flanders-Baloise	Belgium	186 cm	75 kg	26 jaar	58	52	60	47	24	50	34	34	66	36
Fabio Van den Bossche	Soudal Quick-Step	Belgium	175 cm	65 kg	25 jaar	58	54	50	53	27	59	23	40	65	20
Stan Dewulf	Decathlon CMA CGM Team	Belgium	176 cm	74 kg	28 jaar	58	50	59	56	34	53	31	49	64	20
Alessandro Verre	MBH Bank Ballan Telecom Fort	Italy	170 cm	59 kg	24 jaar	58	41	20	59	59	33	42	42	58	35
William Blume Levy	Uno-X Mobility	Denmark	192 cm	0 kg	25 jaar	58	49	58	57	27	53	20	31	67	20
Samuele Battistella	EF Education-EasyPost	Italy	180 cm	67 kg	27 jaar	58	44	26	65	33	46	23	38	64	22
Sébastien Grignard	Lotto-Intermarché	Belgium	179 cm	68 kg	26 jaar	58	46	60	48	28	51	27	38	64	26
Simon Clarke	NSN Cycling Team	Australia	175 cm	63 kg	39 jaar	58	46	42	64	28	44	20	37	66	20
Darren Rafferty	EF Education-EasyPost	Ireland	176 cm	65 kg	22 jaar	57	49	25	55	51	34	59	44	59	57
Callum Thornley	Red Bull-BORA-hansgrohe	Great Britain	190 cm	76 kg	22 jaar	57	49	29	42	36	41	54	32	47	44
James Shaw	EF Education-EasyPost	Great Britain	179 cm	63 kg	29 jaar	57	38	32	61	54	32	31	44	56	30
Lander Loockx	Unibet Rose Rockets	Belgium	186 cm	70 kg	28 jaar	57	56	55	56	36	50	23	39	67	20
Dries De Pooter	Team Jayco-AlUla	Belgium	182 cm	66 kg	23 jaar	57	48	51	52	29	58	20	39	61	20
Jarno Widar	Lotto-Intermarché	Belgium	166 cm	54 kg	20 jaar	57	36	20	51	62	26	26	44	52	20
Kamiel Bonneu	Solution Tech-NIPPO-Rali	Belgium	178 cm	64 kg	26 jaar	57	33	30	61	40	30	20	54	52	20
Andrea Raccagni Noviero	Soudal Quick-Step	Italy	185 cm	75 kg	22 jaar	57	50	38	54	40	50	41	51	63	38
Paul Hennequin	Euskaltel-Euskadi	France	175 cm	64 kg	23 jaar	57	49	26	37	23	70	20	28	51	20
Alexander Hajek	Red Bull-BORA-hansgrohe	Austria	176 cm	55 kg	22 jaar	57	39	20	61	43	41	20	51	60	20
Mattia Bais	Team Polti VisitMalta	Italy	175 cm	66 kg	29 jaar	57	41	31	64	42	38	29	40	63	27
Gijs Leemreize	Team Picnic PostNL	Netherlands	190 cm	66 kg	26 jaar	57	34	20	58	60	30	27	46	44	20
Nicolas Breuillard	Team TotalEnergies	France	175 cm	0 kg	25 jaar	57	43	20	65	34	36	20	38	68	20
Ander Okamika	Burgos Burpellet BH	Spain	190 cm	70 kg	32 jaar	56	41	20	61	45	33	25	42	64	25
Sean Flynn	Team Picnic PostNL	Great Britain	177 cm	67 kg	25 jaar	56	46	50	52	31	59	27	45	56	27
Tom Crabbe	Team Flanders-Baloise	Belgium	179 cm	70 kg	20 jaar	56	48	26	33	21	70	20	24	54	20
Harm Vanhoucke	Pinarello-Q36.5 Pro Cycling Team	Belgium	181 cm	65 kg	28 jaar	56	35	20	53	58	32	28	51	55	26
Daniel Skerl	Bahrain Victorious	Italy	177 cm	80 kg	22 jaar	56	46	36	32	22	70	20	30	43	20
Sjoerd Bax	Pinarello-Q36.5 Pro Cycling Team	Netherlands	185 cm	78 kg	30 jaar	56	49	54	56	32	34	46	36	63	42
Artem Shmidt	INEOS Grenadiers	United States	191 cm	76 kg	22 jaar	56	43	29	53	24	40	41	29	59	40
Adrien Maire	Unibet Rose Rockets	France		0 kg	25 jaar	56	39	20	60	50	35	25	46	59	20
Liam Slock	Lotto-Intermarché	Belgium	188 cm	74 kg	25 jaar	56	46	53	56	28	51	20	39	65	20
Simone Gualdi	Lotto-Intermarché	Italy	173 cm	61 kg	20 jaar	56	43	20	63	35	34	20	32	68	20
Pierre Thierry	Team TotalEnergies	France	185 cm	0 kg	22 jaar	56	49	45	43	40	50	53	36	56	46
Stefan de Bod	Modern Adventure Pro Cycling	South Africa	183 cm	66 kg	29 jaar	55	46	23	52	47	36	56	49	52	58
Walter Calzoni	Pinarello-Q36.5 Pro Cycling Team	Italy	172 cm	0 kg	24 jaar	55	40	36	61	39	34	20	37	62	20
Davide Persico	MBH Bank Ballan Telecom Fort	Italy	175 cm	65 kg	24 jaar	55	45	27	37	22	68	20	25	47	20
Lorrenzo Manzin	Team TotalEnergies	France	175 cm	69 kg	31 jaar	55	50	20	40	28	65	20	30	53	20
Pelayo Sanchez	Movistar Team	Spain	177 cm	62 kg	25 jaar	55	35	20	55	57	32	28	44	44	20
Bjoern Koerdt	Team Picnic PostNL	Great Britain		0 kg	21 jaar	55	39	31	59	38	50	20	43	55	20
Gianluca Pollefliet	Decathlon CMA CGM Team	Belgium	180 cm	74 kg	24 jaar	55	46	33	34	22	66	20	28	51	20
Sergio Chumil	Burgos Burpellet BH	Guatemala	167 cm	62 kg	25 jaar	55	36	20	48	60	29	37	44	54	40
Fausto Masnada	MBH Bank Ballan Telecom Fort	Italy	182 cm	65 kg	32 jaar	55	37	20	59	50	30	27	41	59	27
Reuben Thompson	Lotto-Intermarché	New Zealand	183 cm	66 kg	25 jaar	55	40	38	60	43	36	33	42	58	35
Jelte Krijnsen	Team Jayco-AlUla	Netherlands	184 cm	73 kg	24 jaar	55	58	50	55	27	48	30	41	64	30
Robert Stannard	Bahrain Victorious	Australia	179 cm	74 kg	27 jaar	55	44	49	53	29	57	24	41	56	23
Luca Covili	Bardiani CSF 7 Saber	Italy	180 cm	58 kg	29 jaar	55	37	20	55	53	36	25	53	51	25
Robin Froidevaux	Tudor Pro Cycling Team	Switzerland	183 cm	71 kg	27 jaar	55	45	36	40	24	65	20	33	51	20
Pablo Torres	UAE Team Emirates-XRG	Spain	174 cm	0 kg	20 jaar	55	40	20	56	54	34	38	47	53	34
Noa Isidore	Decathlon CMA CGM Team	France	180 cm	67 kg	21 jaar	55	49	37	57	33	47	31	35	63	27
Mikel Bizkarra	Euskaltel-Euskadi	Spain	165 cm	53 kg	36 jaar	55	31	20	43	58	24	26	51	46	23
Filippo Turconi	Bardiani CSF 7 Saber	Italy		0 kg	20 jaar	55	42	20	61	38	35	20	30	65	20
Anders Skaarseth	Uno-X Mobility	Norway	186 cm	0 kg	30 jaar	54	46	54	55	30	40	20	31	64	20
AJ August	INEOS Grenadiers	United States	170 cm	57 kg	20 jaar	54	34	27	56	45	29	33	45	38	29
Oliver Knight	Cofidis	Great Britain		0 kg	25 jaar	54	49	35	41	24	47	58	39	51	61
Sven Erik Bystrøm	Uno-X Mobility	Norway	188 cm	73 kg	34 jaar	54	45	56	52	27	45	38	39	58	34
Emil Herzog	Red Bull-BORA-hansgrohe	Germany	184 cm	74 kg	21 jaar	54	42	40	59	43	41	33	37	61	30
Michiel Lambrecht	Team Flanders-Baloise	Belgium	191 cm	75 kg	23 jaar	54	49	55	46	24	49	20	31	63	20
Lewis Bower	Groupama-FDJ United	New Zealand	172 cm	63 kg	21 jaar	54	48	35	41	25	62	25	29	52	20
Emiel Verstrynge	Alpecin-Premier Tech	Belgium	189 cm	69 kg	24 jaar	54	39	40	59	43	33	32	37	60	27
Bram Welten	Team Picnic PostNL	Netherlands	188 cm	81 kg	28 jaar	54	44	41	34	23	63	20	28	50	20
James Knox	Team Picnic PostNL	Great Britain	173 cm	58 kg	30 jaar	54	30	20	49	48	29	27	56	39	26
Marcin Budziński	MBH Bank Ballan Telecom Fort	Poland	178 cm	70 kg	27 jaar	54	53	20	55	43	45	28	50	58	29
Joan Bou	Caja Rural-Seguros RGA	Spain	182 cm	62 kg	29 jaar	54	37	20	56	53	35	20	46	54	20
Ramses Debruyne	Alpecin-Premier Tech	Belgium	179 cm	66 kg	23 jaar	54	39	28	56	54	36	28	36	62	29
Óscar Rodríguez	INEOS Grenadiers	Spain	179 cm	63 kg	30 jaar	54	31	20	50	55	31	28	49	39	25
Ibon Ruiz	Equipo Kern Pharma	Spain	178 cm	65 kg	27 jaar	54	48	54	56	41	38	25	43	60	20
Nicolas Vinokurov	XDS Astana Team	Kazakhstan	184 cm	65 kg	23 jaar	54	38	20	41	53	52	23	48	33	23
Hannes Wilksch	Tudor Pro Cycling Team	Germany	181 cm	62 kg	24 jaar	54	37	31	61	34	31	27	37	60	27
Alexandre Mayer	Burgos Burpellet BH	Mauritius	178 cm	64 kg	27 jaar	54	49	20	41	29	27	54	32	48	44
Alessandro Fancellu	MBH Bank Ballan Telecom Fort	Italy	172 cm	62 kg	25 jaar	54	44	20	57	44	37	20	48	55	20
Alberto Bruttomesso	Bahrain Victorious	Italy	179 cm	0 kg	22 jaar	54	50	36	38	22	63	20	28	55	20
Žak Eržen	Bahrain Victorious	Slovenia		0 kg	20 jaar	53	46	35	36	21	62	20	27	52	20
Ben Granger	Solution Tech-NIPPO-Rali	Great Britain	183 cm	71 kg	25 jaar	53	41	20	62	23	32	20	25	65	20
Olivier Le Gac	Groupama-FDJ United	France	180 cm	70 kg	32 jaar	53	47	54	46	25	46	23	34	63	23
Dion Smith	NSN Cycling Team	New Zealand	179 cm	67 kg	32 jaar	53	42	36	56	30	47	20	40	59	20
Colby Simmons	EF Education-EasyPost	United States	185 cm	68 kg	22 jaar	53	46	44	49	38	55	29	36	59	30
Amanuel Ghebreigzabhier	Lidl-Trek	Eritrea	187 cm	68 kg	31 jaar	53	36	20	60	37	26	28	44	52	26
Jorge Gutiérrez	Equipo Kern Pharma	Spain	178 cm	54 kg	23 jaar	53	37	20	56	47	30	20	42	59	20
Pau Martí	NSN Cycling Team	Spain		0 kg	21 jaar	53	43	31	58	44	29	25	38	56	23
Enzo Paleni	Groupama-FDJ United	France	180 cm	65 kg	23 jaar	53	45	33	56	35	46	47	45	53	46
Clément Alleno	Burgos Burpellet BH	France	180 cm	69 kg	25 jaar	53	43	33	55	42	47	27	43	61	25
Luca Paletti	Bardiani CSF 7 Saber	Italy		0 kg	21 jaar	53	40	20	59	36	35	25	36	64	20
Noah Hobbs	EF Education-EasyPost	Great Britain	175 cm	67 kg	21 jaar	53	48	35	39	22	61	28	32	49	28
Abram Stockman	Unibet Rose Rockets	Belgium	182 cm	67 kg	29 jaar	53	48	47	39	24	56	29	29	62	31
Nicolò Buratti	MBH Bank Ballan Telecom Fort	Italy		0 kg	24 jaar	53	43	39	55	31	52	20	36	57	20
Martin Tjøtta	Uno-X Mobility	Norway		0 kg	24 jaar	53	36	31	58	42	33	20	44	53	20
Byron Munton	Modern Adventure Pro Cycling	South Africa	178 cm	60 kg	27 jaar	53	42	20	34	52	28	56	37	44	59
Joren Bloem	Unibet Rose Rockets	Netherlands		0 kg	26 jaar	53	49	42	38	23	56	36	29	59	20
Davide Bais	Team Polti VisitMalta	Italy	183 cm	66 kg	27 jaar	53	40	20	56	40	41	20	41	62	20
Fabien Doubey	Team TotalEnergies	France	174 cm	62 kg	32 jaar	53	43	20	54	44	40	30	48	52	20
Fabian Weiss	Tudor Pro Cycling Team	Switzerland	181 cm	0 kg	23 jaar	52	45	36	55	32	38	43	30	59	37
Niklas Behrens	Team Visma | Lease a Bike	Germany	195 cm	80 kg	22 jaar	52	50	31	47	26	54	42	28	55	41
Gorka Sorarrain	Caja Rural-Seguros RGA	Spain	185 cm	76 kg	29 jaar	52	39	20	57	30	43	20	36	59	20
Jon Agirre	Euskaltel-Euskadi	Spain	173 cm	55 kg	28 jaar	52	37	20	53	49	30	20	45	55	20
Lars Craps	Lotto-Intermarché	Belgium	185 cm	67 kg	24 jaar	52	41	48	55	43	33	26	44	49	26
Sean Quinn	EF Education-EasyPost	United States	187 cm	67 kg	25 jaar	52	33	20	50	55	33	34	41	37	30
Axel van der Tuuk	Euskaltel-Euskadi	Netherlands	183 cm	0 kg	24 jaar	52	49	31	37	24	40	49	42	47	40
Jonathan Vervenne	Soudal Quick-Step	Belgium	188 cm	75 kg	22 jaar	52	50	28	41	22	38	58	26	54	54
Dylan Vandenstorme	Team Flanders-Baloise	Belgium	172 cm	64 kg	23 jaar	52	45	54	43	25	48	20	30	58	20
Alan Hatherly	Team Jayco-AlUla	South Africa	178 cm	65 kg	29 jaar	52	41	20	55	30	37	47	42	47	48
Sente Sentjens	Alpecin-Premier Tech	Belgium	191 cm	85 kg	20 jaar	52	45	31	34	21	60	20	28	56	20
Adria Perìcas	UAE Team Emirates-XRG	Spain		0 kg	19 jaar	52	44	33	56	44	26	40	38	55	36
Jacopo Mosca	Lidl-Trek	Italy	173 cm	65 kg	32 jaar	52	41	28	54	31	53	20	38	60	20
Valerio Conti	Solution Tech-NIPPO-Rali	Italy	172 cm	61 kg	32 jaar	52	41	31	57	39	35	20	41	55	20
Sergi Darder	Caja Rural-Seguros RGA	Spain	173 cm	67 kg	22 jaar	52	43	31	46	26	57	20	28	60	20
Leander Van Hautegem	Team Flanders-Baloise	Belgium	186 cm	64 kg	22 jaar	52	40	32	44	27	57	20	31	57	20
Txomin Juaristi	Euskaltel-Euskadi	Spain	182 cm	67 kg	30 jaar	52	43	20	53	39	35	43	46	53	35
Antonio Jesús Soto	Equipo Kern Pharma	Spain	175 cm	66 kg	31 jaar	52	45	32	43	34	57	22	34	57	22
Pepijn Reinderink	Soudal Quick-Step	Netherlands	180 cm	67 kg	23 jaar	52	47	52	49	29	50	38	39	55	36
Lorenzo Conforti	Bardiani CSF 7 Saber	Italy		0 kg	21 jaar	51	44	20	48	23	56	20	31	56	20
Frits Biesterbos	Team Picnic PostNL	Netherlands		0 kg	24 jaar	51	45	35	37	27	51	39	29	52	20
Steven Kruijswijk	Team Visma | Lease a Bike	Netherlands	178 cm	63 kg	38 jaar	51	28	20	43	54	24	20	49	32	20
Henrik Pedersen	Uno-X Mobility	Denmark	181 cm	0 kg	21 jaar	51	50	38	43	23	54	37	28	59	38
Alan Jousseaume	Team TotalEnergies	France	177 cm	0 kg	27 jaar	51	40	20	53	48	37	20	34	57	20
Koen Bouwman	Team Jayco-AlUla	Netherlands	178 cm	60 kg	32 jaar	51	34	20	49	50	34	32	47	41	30
Matteo Badilatti	Pinarello-Q36.5 Pro Cycling Team	Switzerland	178 cm	62 kg	33 jaar	51	31	20	52	51	28	23	45	51	20
Asbjørn Hellemose	Team Jayco-AlUla	Denmark	192 cm	65 kg	27 jaar	51	35	31	55	42	33	20	45	50	20
Louis Rouland	Cofidis	France	184 cm	55 kg	23 jaar	51	36	20	55	42	40	20	44	51	20
Michele Gazzoli	Solution Tech-NIPPO-Rali	Italy	180 cm	76 kg	26 jaar	51	44	54	39	25	48	20	31	52	20
Attilio Viviani	Solution Tech-NIPPO-Rali	Italy	174 cm	69 kg	29 jaar	51	43	20	34	26	62	20	29	41	20
Francisco Peñuela	Caja Rural-Seguros RGA	Venezuela	175 cm	56 kg	25 jaar	51	42	20	53	35	50	20	30	62	20
Alex Tolio	Bardiani CSF 7 Saber	Italy		0 kg	25 jaar	51	36	20	53	46	30	20	46	54	20
Georgios Boúglas	Burgos Burpellet BH	Greece	181 cm	71 kg	35 jaar	51	44	20	42	28	58	25	36	45	24
Thomas Gloag	Pinarello-Q36.5 Pro Cycling Team	Great Britain	181 cm	60 kg	24 jaar	51	29	20	51	47	39	27	50	24	21
Roel van Sintmaartensdijk	Lotto-Intermarché	Netherlands	197 cm	77 kg	24 jaar	51	49	52	41	27	46	36	38	59	34
Tomáš Kopecký	Unibet Rose Rockets	Czech Republic	191 cm	73 kg	25 jaar	51	50	48	44	24	46	37	36	60	34
Javier Serrano	Team Polti VisitMalta	Spain	172 cm	60 kg	24 jaar	51	38	20	49	37	53	20	27	58	20
Martin Urianstad Bugge	Uno-X Mobility	Norway	175 cm	61 kg	27 jaar	50	41	42	51	30	46	20	34	58	20
Jordi Lopez	Euskaltel-Euskadi	Spain	170 cm	59 kg	27 jaar	50	34	20	54	36	38	20	43	52	20
Elias Maris	Team Flanders-Baloise	Belgium	177 cm	64 kg	26 jaar	50	41	47	51	27	42	20	34	55	20
Jakob Omrzel	Bahrain Victorious	Slovenia	185 cm	62 kg	19 jaar	50	36	20	52	45	29	20	42	48	20
Matteo Fabbro	Solution Tech-NIPPO-Rali	Italy	167 cm	52 kg	30 jaar	50	33	20	53	42	28	20	41	52	20
Mario Aparicio	Burgos Burpellet BH	Spain	185 cm	69 kg	25 jaar	50	35	20	46	48	29	32	49	44	20
Timo de Jong	Team Picnic PostNL	Netherlands	191 cm	72 kg	26 jaar	50	50	30	41	21	56	20	36	50	20
César Macías	Burgos Burpellet BH	Mexico		0 kg	22 jaar	50	43	20	43	23	58	20	26	48	20
Jelle Johannink	Unibet Rose Rockets	Netherlands		0 kg	29 jaar	50	46	43	51	24	38	20	32	63	20
Hugo de la Calle	Burgos Burpellet BH	Spain	180 cm	65 kg	21 jaar	50	38	20	52	43	44	25	40	55	25
Gil Gelders	Soudal Quick-Step	Belgium	179 cm	66 kg	23 jaar	50	43	41	52	34	43	27	39	60	26
Tom Donnenwirth	Groupama-FDJ United	France	178 cm	63 kg	28 jaar	50	39	20	51	42	48	20	40	57	20
Santiago Umba	Solution Tech-NIPPO-Rali	Colombia	170 cm	58 kg	23 jaar	50	32	20	48	51	33	20	43	47	20
Alessandro Romele	XDS Astana Team	Italy	186 cm	71 kg	22 jaar	50	51	50	47	29	44	26	36	62	26
Samuel Leroux	Team TotalEnergies	France	189 cm	79 kg	31 jaar	50	48	43	43	25	50	49	45	53	47
Fernando Tercero	Team Polti VisitMalta	Spain	182 cm	65 kg	24 jaar	50	35	20	48	50	37	20	45	54	20
Matthew Dinham	Team Picnic PostNL	Australia	175 cm	63 kg	25 jaar	50	36	20	55	33	39	23	37	53	23
Juan Martinez	Team Picnic PostNL	Colombia	172 cm	0 kg	21 jaar	50	30	20	48	50	30	25	45	43	25
Daniel Cavia	Burgos Burpellet BH	Spain	169 cm	62 kg	23 jaar	50	40	27	44	23	52	20	42	46	20
Thomas Pesenti	Team Polti VisitMalta	Italy		0 kg	26 jaar	50	41	36	54	36	39	20	41	54	20
Mathieu Kockelmann	Lotto-Intermarché	Luxembourg	183 cm	70 kg	22 jaar	50	46	28	36	27	57	35	32	43	28
Jakub Otruba	Caja Rural-Seguros RGA	Czech Republic	190 cm	75 kg	28 jaar	50	41	20	42	44	36	47	45	45	45
Valentin Ferron	Cofidis	France	174 cm	67 kg	28 jaar	50	41	20	54	28	38	24	36	63	24
Julius Johansen	UAE Team Emirates-XRG	Denmark	188 cm	77 kg	26 jaar	50	44	29	49	28	36	45	37	49	43
Alessandro Tonelli	Team Polti VisitMalta	Italy	176 cm	64 kg	33 jaar	50	37	20	53	42	33	33	45	50	31
Markel Beloki	EF Education-EasyPost	Spain	183 cm	0 kg	20 jaar	50	37	20	50	51	31	40	40	45	34
Mathijs Paasschens	Bahrain Victorious	Netherlands	188 cm	75 kg	29 jaar	50	38	37	53	37	39	20	39	57	20
Matys Grisel	Lotto-Intermarché	France		0 kg	20 jaar	49	46	33	39	24	54	20	28	53	20
Mattia Pinazzi	Bardiani CSF 7 Saber	Italy		0 kg	24 jaar	49	40	23	33	23	60	20	28	40	20
Diego Sevilla	Team Polti VisitMalta	Spain	171 cm	64 kg	29 jaar	49	36	20	52	34	43	20	36	59	20
Ludovic Robeet	Cofidis	Belgium	194 cm	75 kg	31 jaar	49	43	52	39	23	43	22	29	55	23
Tyler Stites	Modern Adventure Pro Cycling	United States	178 cm	60 kg	27 jaar	49	45	20	44	32	38	46	34	42	42
Davide Toneatti	XDS Astana Team	Italy	180 cm	65 kg	24 jaar	49	42	52	48	34	34	20	35	53	20
Anton Schiffer	Team Visma | Lease a Bike	Germany	178 cm	62 kg	26 jaar	49	34	20	43	43	34	28	50	42	20
Samuele Zoccarato	MBH Bank Ballan Telecom Fort	Italy	183 cm	74 kg	28 jaar	49	39	32	52	43	37	27	33	57	27
Emmanuel Houcou	Pinarello-Q36.5 Pro Cycling Team	France	184 cm	0 kg	23 jaar	49	42	34	33	22	58	20	25	46	20
Jambaljamts Sainbayar	Burgos Burpellet BH	Mongolia	171 cm	60 kg	29 jaar	49	46	20	49	36	41	49	42	51	51
Simon Dalby	Uno-X Mobility	Denmark		0 kg	23 jaar	49	32	24	51	45	29	20	42	50	20
Joshua Giddings	Lotto-Intermarché	Great Britain	195 cm	0 kg	22 jaar	49	47	46	34	22	52	37	30	53	36
Clément Izquierdo	Cofidis	France		0 kg	24 jaar	49	40	37	53	30	42	26	37	50	25
Nickolas Zukowsky	Pinarello-Q36.5 Pro Cycling Team	Canada	188 cm	0 kg	27 jaar	49	40	40	52	29	39	30	33	59	33
Lindsay De Vylder	Alpecin-Premier Tech	Belgium	183 cm	70 kg	30 jaar	49	42	30	36	21	57	20	26	50	20
Geoffrey Bouchard	Team TotalEnergies	France	178 cm	63 kg	33 jaar	49	26	20	40	53	23	20	42	35	20
Tilen Finkšt	Solution Tech-NIPPO-Rali	Slovenia	176 cm	70 kg	28 jaar	49	44	20	42	27	52	33	30	48	33
Oscar Chamberlain	Decathlon CMA CGM Team	Australia	194 cm	74 kg	21 jaar	49	45	52	38	23	40	45	29	49	44
Dillon Corkery	Team Picnic PostNL	Ireland		0 kg	27 jaar	49	47	26	42	23	54	20	26	60	20
Sergio Meris	Unibet Rose Rockets	Italy	180 cm	0 kg	24 jaar	49	37	20	54	35	31	20	27	58	20
Vincent Van Hemelen	Team Flanders-Baloise	Belgium	191 cm	71 kg	25 jaar	49	43	42	45	27	38	42	39	55	36
Simon Carr	Cofidis	Great Britain	183 cm	66 kg	27 jaar	48	35	20	50	50	30	32	36	50	22
Adam Ťoupalík	Unibet Rose Rockets	Czech Republic	175 cm	65 kg	29 jaar	48	41	20	50	27	40	34	34	53	36
Marco Schrettl	XDS Astana Team	Austria	181 cm	63 kg	22 jaar	48	40	20	54	26	31	20	33	54	20
Jardi van der Lee	EF Education-EasyPost	Netherlands	185 cm	0 kg	24 jaar	48	33	20	47	50	27	20	37	53	20
Yukiya Arashiro	Solution Tech-NIPPO-Rali	Japan	170 cm	64 kg	41 jaar	48	44	20	47	23	38	46	31	56	50
Tobias Bayer	Alpecin-Premier Tech	Austria	187 cm	70 kg	26 jaar	48	38	29	50	29	43	29	39	52	28
Lev Gonov	XDS Astana Team	Russia	186 cm	76 kg	26 jaar	48	42	25	34	24	54	32	31	41	32
Nadav Raisberg	NSN Cycling Team	Israel	178 cm	67 kg	24 jaar	48	41	45	47	27	48	20	37	53	20
Joseba López	Caja Rural-Seguros RGA	Spain	181 cm	66 kg	25 jaar	48	39	32	49	32	47	20	29	58	20
Michel Heßmann	Movistar Team	Germany	191 cm	78 kg	24 jaar	48	35	20	52	31	35	33	39	40	26
Jan Castellon	Caja Rural-Seguros RGA	Spain	170 cm	55 kg	22 jaar	48	31	20	35	48	28	33	48	36	20
Menno Huising	Team Visma | Lease a Bike	Netherlands	185 cm	0 kg	21 jaar	48	40	29	51	34	42	28	37	55	25
Kamil Gradek	Bahrain Victorious	Poland	194 cm	83 kg	35 jaar	48	41	52	34	24	42	36	37	49	38
Sebastian Berwick	Caja Rural-Seguros RGA	Australia	175 cm	59 kg	26 jaar	48	38	20	50	50	30	21	37	51	21
Samuel Fernández	Caja Rural-Seguros RGA	Spain	176 cm	57 kg	22 jaar	47	36	20	50	32	34	31	37	52	20
Cedrik Bakke Christophersen	Unibet Rose Rockets	Norway		0 kg	24 jaar	47	33	20	48	41	28	20	43	46	20
Manlio Moro	Movistar Team	Italy	190 cm	81 kg	23 jaar	47	42	45	39	24	47	37	33	52	32
Martin Svrček	Soudal Quick-Step	Slovakia	175 cm	66 kg	23 jaar	47	41	33	50	30	38	35	32	53	36
Robbe Ghys	Decathlon CMA CGM Team	Belgium	182 cm	72 kg	29 jaar	47	46	38	34	23	51	20	34	54	20
Carlos García Pierna	Burgos Burpellet BH	Spain	171 cm	58 kg	26 jaar	47	36	20	50	39	33	20	40	52	20
Paul Ourselin	Cofidis	France	185 cm	70 kg	31 jaar	47	37	20	49	39	42	20	40	53	20
Michael Gogl	Alpecin-Premier Tech	Austria	186 cm	71 kg	32 jaar	47	35	30	53	28	32	23	34	54	23
Alexandre Balmer	Solution Tech-NIPPO-Rali	Switzerland	191 cm	70 kg	25 jaar	47	39	27	52	30	29	23	33	55	20
Maurice Ballerstedt	Alpecin-Premier Tech	Germany	185 cm	81 kg	25 jaar	47	38	33	35	25	52	24	31	51	20
Killian Verschuren	Unibet Rose Rockets	France	165 cm	54 kg	23 jaar	47	31	20	47	48	28	20	38	54	20
Mats Wenzel	Equipo Kern Pharma	Luxembourg	187 cm	68 kg	23 jaar	47	41	33	49	29	36	33	42	52	28
Karsten Feldmann	Unibet Rose Rockets	Norway		0 kg	22 jaar	47	45	20	35	20	55	20	29	45	20
Ronan Augé	Unibet Rose Rockets	France	174 cm	61 kg	21 jaar	47	39	28	38	24	53	20	27	48	20
Joel Suter	Tudor Pro Cycling Team	Switzerland	190 cm	75 kg	27 jaar	47	40	20	28	26	29	52	28	37	51
Germán Darío Gómez	Team Polti VisitMalta	Colombia		0 kg	24 jaar	47	32	20	43	48	33	31	42	44	31
Valentin Retailleau	Team TotalEnergies	France	181 cm	64 kg	25 jaar	47	41	24	46	30	49	20	27	56	20
Mikel Retegi	Equipo Kern Pharma	Spain	177 cm	64 kg	24 jaar	47	37	32	49	37	41	20	29	53	20
Rodrigo Álvarez	Burgos Burpellet BH	Spain	175 cm	65 kg	26 jaar	47	39	20	37	30	51	20	37	42	20
Milan Lanhove	Team Flanders-Baloise	Belgium	181 cm	69 kg	22 jaar	46	43	43	42	23	46	26	38	54	25
Robin Donzé	Tudor Pro Cycling Team	Switzerland		0 kg	22 jaar	46	36	23	48	42	29	20	33	53	20
Wessel Mouris	Unibet Rose Rockets	Netherlands		0 kg	23 jaar	46	44	24	33	22	42	48	34	47	45
Silvan Dillier	Alpecin-Premier Tech	Switzerland	183 cm	75 kg	35 jaar	46	39	47	42	36	42	26	41	51	25
Julius van den Berg	Team Picnic PostNL	Netherlands	190 cm	78 kg	29 jaar	46	40	48	35	25	46	24	33	48	23
Fabien Grellier	Team TotalEnergies	France	180 cm	65 kg	31 jaar	46	33	20	49	34	37	25	34	54	26
José Luis Faura	Burgos Burpellet BH	Spain	182 cm	65 kg	25 jaar	46	34	20	47	44	26	30	39	49	20
Lucas Hamilton	INEOS Grenadiers	Australia	184 cm	71 kg	30 jaar	46	34	20	49	40	35	26	38	49	20
Patrick Gamper	Team Jayco-AlUla	Austria	194 cm	80 kg	28 jaar	46	43	37	42	28	46	45	39	51	43
Tobias Müller	Unibet Rose Rockets	Germany	174 cm	64 kg	21 jaar	46	41	29	34	20	52	25	25	48	25
Alessandro Borgo	Bahrain Victorious	Italy	183 cm	0 kg	21 jaar	46	46	40	46	27	43	36	29	54	36
Toon Aerts	Lotto-Intermarché	Belgium	188 cm	72 kg	32 jaar	46	39	39	48	28	44	20	37	45	20
Andrea Pietrobon	Team Polti VisitMalta	Italy	190 cm	72 kg	26 jaar	46	37	20	41	26	49	25	35	47	25
Márton Dina	MBH Bank Ballan Telecom Fort	Hungary	186 cm	67 kg	29 jaar	46	38	20	46	43	29	20	43	43	20
Alexys Brunel	Team TotalEnergies	France	191 cm	70 kg	27 jaar	46	47	39	35	20	42	45	27	59	47
Warre Vangheluwe	Soudal Quick-Step	Belgium	189 cm	79 kg	24 jaar	46	43	34	36	21	51	23	28	50	20
Manuele Tarozzi	Bardiani CSF 7 Saber	Italy		0 kg	27 jaar	46	35	20	45	45	34	20	42	45	20
Yaël Joalland	Cofidis	France		0 kg	25 jaar	46	37	20	47	38	40	20	36	55	20
Jarrad Drizners	Red Bull-BORA-hansgrohe	Australia	186 cm	70 kg	26 jaar	46	43	20	40	27	49	31	39	48	30
Sebastian Kolze Changizi	Tudor Pro Cycling Team	Denmark	181 cm	0 kg	25 jaar	46	40	37	32	23	51	20	32	49	20
Antoine L'Hote	Decathlon CMA CGM Team	France	190 cm	72 kg	20 jaar	45	45	31	48	29	38	25	35	48	20
Florian Kajamini	XDS Astana Team	Italy	174 cm	0 kg	22 jaar	45	34	25	45	45	41	20	41	43	20
Loe van Belle	Team Visma | Lease a Bike	Netherlands	184 cm	0 kg	24 jaar	45	42	36	38	23	47	30	28	50	26
Gianni Moscon	Red Bull-BORA-hansgrohe	Italy	180 cm	71 kg	31 jaar	45	38	37	44	31	46	28	40	46	25
Floris Van Tricht	NSN Cycling Team	Belgium	176 cm	69 kg	24 jaar	45	43	45	39	22	45	20	25	54	20
Cesare Chesini	MBH Bank Ballan Telecom Fort	Italy		0 kg	21 jaar	45	35	20	50	34	27	20	32	51	20
Dario Belletta	Team Polti VisitMalta	Italy	187 cm	73 kg	22 jaar	45	44	33	47	29	38	27	28	55	27
Jonas Geens	Alpecin-Premier Tech	Belgium	183 cm	78 kg	27 jaar	45	39	44	45	26	40	29	37	49	31
Thomas Bonnet	Team TotalEnergies	France	175 cm	0 kg	27 jaar	45	40	39	46	34	37	20	35	54	20
Adrien Boichis	Red Bull-BORA-hansgrohe	France		68 kg	23 jaar	45	36	28	50	32	29	27	32	50	20
Mark Stewart	Modern Adventure Pro Cycling	Great Britain	180 cm	70 kg	30 jaar	45	39	20	47	34	37	20	38	49	20
Tim Marsman	Alpecin-Premier Tech	Netherlands	191 cm	75 kg	25 jaar	45	45	28	35	21	38	38	34	47	24
Alessio Martinelli	Bardiani CSF 7 Saber	Italy	170 cm	0 kg	24 jaar	45	34	20	51	33	31	20	32	48	20
Filippo Conca	Team Jayco-AlUla	Italy	191 cm	80 kg	27 jaar	45	34	20	50	31	31	20	31	52	20
Luke Durbridge	Team Jayco-AlUla	Australia	187 cm	78 kg	34 jaar	45	40	43	39	30	37	42	40	47	37
Iker Mintegi	Euskaltel-Euskadi	Spain		0 kg	23 jaar	45	36	27	48	34	34	20	36	53	20
Francisco Muñoz	Team Polti VisitMalta	Spain	181 cm	71 kg	24 jaar	45	34	20	39	24	48	25	40	40	25
Victor Vercouillie	Team Flanders-Baloise	Belgium	181 cm	66 kg	23 jaar	45	45	42	36	21	45	40	29	54	39
Jan Maas	Cofidis	Netherlands	189 cm	70 kg	29 jaar	45	37	41	46	31	44	20	40	49	20
Pavel Novak	Movistar Team	Czech Republic	181 cm	64 kg	21 jaar	44	31	20	43	45	26	20	38	44	20
Diego Bracalente	MBH Bank Ballan Telecom Fort	Italy		0 kg	21 jaar	44	36	20	50	27	26	20	27	53	20
Brem Deman	Team Flanders-Baloise	Belgium	187 cm	76 kg	23 jaar	44	41	46	36	22	39	35	26	51	34
Martijn Rasenberg	Unibet Rose Rockets	Netherlands	194 cm	78 kg	24 jaar	44	43	22	33	23	48	20	28	44	20
Baptiste Vadic	Team TotalEnergies	France		0 kg	23 jaar	44	40	28	40	27	41	20	38	51	20
Jannis Peter	Unibet Rose Rockets	Germany	185 cm	63 kg	25 jaar	44	30	20	43	42	28	23	43	36	23
Otto Vergaerde	Lidl-Trek	Belgium	181 cm	74 kg	31 jaar	44	38	42	43	27	43	20	36	51	20
Senna Remijn	Alpecin-Premier Tech	Netherlands	187 cm	68 kg	20 jaar	44	37	36	48	27	31	20	26	46	20
Petr Kelemen	Tudor Pro Cycling Team	Czech Republic	192 cm	70 kg	25 jaar	44	39	40	37	23	45	33	31	52	33
Diego Uriarte	Equipo Kern Pharma	Spain	180 cm	67 kg	24 jaar	44	42	20	40	34	33	46	34	42	49
Xabier Isasa	Euskaltel-Euskadi	Spain	185 cm	0 kg	24 jaar	43	37	28	44	27	43	20	36	49	20
Jonas Hem Hvideberg	Uno-X Mobility	Norway	185 cm	0 kg	27 jaar	43	38	35	38	28	44	20	28	53	20
Baptiste Veistroffer	Lotto-Intermarché	France	182 cm	73 kg	25 jaar	43	40	43	39	34	42	28	32	51	25
Mattia Gaffuri	Team Picnic PostNL	Italy	184 cm	67 kg	26 jaar	43	33	20	46	39	25	20	29	50	20
Rudy Porter	Team Jayco-AlUla	Australia	179 cm	66 kg	25 jaar	43	34	20	46	30	36	20	37	43	20
Jorge Arcas	Movistar Team	Spain	187 cm	68 kg	33 jaar	43	35	20	44	27	41	20	38	44	20
Vicente Rojas	Bardiani CSF 7 Saber	Chile	169 cm	0 kg	23 jaar	43	31	20	46	35	29	20	32	48	20
Siebe Deweirdt	Team Flanders-Baloise	Belgium	185 cm	69 kg	23 jaar	43	38	41	42	23	41	23	28	54	24
Luc Wirtgen	Tudor Pro Cycling Team	Luxembourg	180 cm	63 kg	27 jaar	43	33	20	46	28	37	20	32	45	20
Henri Vandenabeele	Team Flanders-Baloise	Belgium	181 cm	0 kg	25 jaar	43	34	27	47	28	31	20	33	50	20
Darren van Bekkum	XDS Astana Team	Netherlands	176 cm	62 kg	23 jaar	43	32	20	46	36	35	20	37	43	20
Aivaras Mikutis	Tudor Pro Cycling Team	Lithuania	184 cm	0 kg	23 jaar	43	45	38	39	27	39	43	29	50	44
Andrea Peron	Team Novo Nordisk	Italy	178 cm	70 kg	37 jaar	43	36	26	36	24	49	20	28	42	20
Andrea Mifsud	Team Polti VisitMalta	Malta		0 kg	26 jaar	43	37	20	45	25	36	31	34	50	29
Julen Arriolabengoa	Caja Rural-Seguros RGA	Spain	174 cm	52 kg	25 jaar	43	33	30	47	36	31	20	33	46	20
Owen Geleijn	Unibet Rose Rockets	Netherlands	186 cm	0 kg	25 jaar	43	36	33	43	39	38	20	32	51	20
Jacob Eriksson	Tudor Pro Cycling Team	Sweden	182 cm	0 kg	26 jaar	42	37	36	43	27	40	20	28	49	20
Matteo Ambrosini	MBH Bank Ballan Telecom Fort	Italy	188 cm	0 kg	23 jaar	42	35	20	46	31	29	27	27	49	24
Robin Orins	Lotto-Intermarché	Belgium	190 cm	0 kg	23 jaar	42	43	36	37	27	37	44	27	47	42
Roland Thalmann	Tudor Pro Cycling Team	Switzerland	178 cm	61 kg	32 jaar	42	34	20	44	37	33	33	35	46	31
Timo Roosen	Team Picnic PostNL	Netherlands	193 cm	78 kg	33 jaar	42	38	44	30	23	40	20	34	45	20
Tim Naberman	Team Picnic PostNL	Netherlands	187 cm	70 kg	26 jaar	42	36	34	31	24	44	20	37	45	20
Jamie Meehan	Cofidis	Ireland		0 kg	22 jaar	42	32	20	41	44	32	20	31	43	20
Oscar Riesebeek	Alpecin-Premier Tech	Netherlands	191 cm	78 kg	33 jaar	42	36	44	37	24	40	20	33	43	20
Roman Ermakov	Bahrain Victorious	Russia		0 kg	21 jaar	42	38	41	43	29	30	28	35	48	20
Hamish McKenzie	Team Jayco-AlUla	Australia	176 cm	70 kg	21 jaar	41	39	27	27	22	28	47	27	39	48
Noah Vandenbranden	Team Flanders-Baloise	Belgium	181 cm	74 kg	23 jaar	41	37	27	26	21	45	31	24	45	32
Rayan Boulahoite	Team TotalEnergies	France	183 cm	75 kg	21 jaar	41	39	37	38	27	42	20	34	46	20
Lorenzo Nespoli	MBH Bank Ballan Telecom Fort	Italy	185 cm	0 kg	21 jaar	41	36	20	36	30	27	36	24	38	20
Jokin Murguialday	Euskaltel-Euskadi	Spain	173 cm	57 kg	25 jaar	41	31	23	38	40	25	28	41	41	20
Christopher Juul-Jensen	Team Jayco-AlUla	Denmark	183 cm	73 kg	36 jaar	41	31	30	40	35	32	27	43	43	27
Sinuhé Fernández	Burgos Burpellet BH	Spain	180 cm	60 kg	25 jaar	41	30	20	43	32	33	20	35	45	20
Rotem Tene	NSN Cycling Team	Israel	180 cm	72 kg	24 jaar	41	43	29	35	25	45	20	25	43	20
Edoardo Zamperini	Cofidis	Italy	178 cm	0 kg	22 jaar	41	38	24	45	30	32	20	31	44	20
Henri-Francois Haquin	Team Picnic PostNL	France	185 cm	74 kg	23 jaar	41	39	32	41	23	41	20	29	51	20
Pietro Mattio	Team Visma | Lease a Bike	Italy	184 cm	70 kg	21 jaar	41	37	33	43	29	36	20	32	45	20
Anton Kuzmin	XDS Astana Team	Kazakhstan	186 cm	66 kg	29 jaar	41	34	20	43	32	30	27	36	45	26
Scott McGill	Modern Adventure Pro Cycling	United States		0 kg	27 jaar	41	36	20	36	21	46	20	25	41	20
Matthew Fox	Lotto-Intermarché	Australia	175 cm	71 kg	23 jaar	41	38	20	31	26	47	23	28	40	23
Alex Díaz	Caja Rural-Seguros RGA	Spain	167 cm	62 kg	24 jaar	40	34	20	42	28	39	20	26	48	20
Luca Cretti	MBH Bank Ballan Telecom Fort	Italy	180 cm	63 kg	24 jaar	40	34	20	43	33	29	20	30	48	20
Vegard Stake Laengen	UAE Team Emirates-XRG	Norway	195 cm	79 kg	37 jaar	40	35	37	40	34	35	25	35	48	24
Matteo Milan	Groupama-FDJ United	Italy		0 kg	23 jaar	40	39	29	32	21	45	29	24	40	28
Nikita Tsvetkov	Bardiani CSF 7 Saber	Uzbekistan	181 cm	67 kg	21 jaar	40	39	20	40	25	40	25	33	36	25
Lorenzo Masciarelli	MBH Bank Ballan Telecom Fort	Italy		0 kg	22 jaar	40	37	20	44	29	29	20	29	48	20
Aaron Dockx	Alpecin-Premier Tech	Belgium	173 cm	56 kg	21 jaar	40	37	35	42	37	32	20	31	42	20
Paul Wright	Modern Adventure Pro Cycling	New Zealand		0 kg	28 jaar	40	36	25	42	25	36	31	33	44	33
Cole Kessler	Modern Adventure Pro Cycling	United States	198 cm	75 kg	22 jaar	39	39	29	35	29	29	41	26	42	41
Fran Miholjević	Bahrain Victorious	Croatia	189 cm	72 kg	23 jaar	39	31	37	39	32	29	23	38	41	20
Danny van der Tuuk	Euskaltel-Euskadi	Poland	180 cm	64 kg	26 jaar	39	38	27	38	24	36	38	30	45	39
Tommaso Nencini	Solution Tech-NIPPO-Rali	Italy		0 kg	25 jaar	39	34	20	29	22	46	26	25	35	25
Domen Novak	UAE Team Emirates-XRG	Slovenia	181 cm	70 kg	30 jaar	39	29	20	39	37	26	24	38	40	20
Ferre Geeraerts	Team Flanders-Baloise	Belgium	183 cm	0 kg	23 jaar	39	38	28	28	20	28	44	20	38	41
Roberto González	Solution Tech-NIPPO-Rali	Panama		0 kg	31 jaar	39	32	20	39	30	38	20	38	40	20
Alastair Mackellar	EF Education-EasyPost	Australia	184 cm	69 kg	24 jaar	39	32	20	40	31	36	28	32	46	29
Max van der Meulen	Bahrain Victorious	Netherlands	183 cm	67 kg	22 jaar	39	31	24	40	36	31	20	35	38	20
Luke Tuckwell	Red Bull-BORA-hansgrohe	Australia	182 cm	66 kg	21 jaar	39	31	20	41	35	28	20	34	40	20
Sergei Rostovtsev	Bardiani CSF 7 Saber	Uzbekistan	180 cm	73 kg	28 jaar	39	37	20	30	22	45	25	24	33	20
Đorđe Đurić	Solution Tech-NIPPO-Rali	Serbia	193 cm	79 kg	25 jaar	39	34	20	29	24	45	20	28	26	20
Barnabas Peák	MBH Bank Ballan Telecom Fort	Hungary	183 cm	74 kg	27 jaar	39	37	23	33	21	32	41	26	39	44
Tobias Svarre	Uno-X Mobility	Denmark	178 cm	0 kg	21 jaar	39	30	20	43	29	24	28	29	41	27
Louis Sutton	Euskaltel-Euskadi	Great Britain	178 cm	68 kg	23 jaar	39	34	28	41	28	36	20	29	44	20
Javier Ibáñez	Caja Rural-Seguros RGA	Spain	188 cm	67 kg	24 jaar	38	33	20	30	26	41	27	27	43	27
Nil Gimeno	Equipo Kern Pharma	Spain	174 cm	60 kg	21 jaar	38	30	20	41	29	29	20	27	41	20
Lennert Belmans	Alpecin-Premier Tech	Belgium	189 cm	72 kg	24 jaar	38	37	38	33	25	35	20	26	45	20
Filip Gruszczynski	MBH Bank Ballan Telecom Fort	Poland	178 cm	60 kg	21 jaar	38	31	20	41	29	26	20	29	42	20
Tim Rex	Team Visma | Lease a Bike	Belgium	190 cm	70 kg	21 jaar	38	36	27	39	33	33	20	29	45	20
Alexy Faure-Prost	Team Picnic PostNL	France	185 cm	67 kg	21 jaar	38	29	20	39	37	34	20	35	39	20
Peter Øxenberg	INEOS Grenadiers	Denmark	191 cm	69 kg	20 jaar	38	31	22	39	35	24	31	31	39	31
Josh Burnett	Burgos Burpellet BH	New Zealand	187 cm	73 kg	25 jaar	38	33	32	38	36	28	20	36	38	20
Haoyu Su	XDS Astana Team	China	179 cm	64 kg	25 jaar	38	33	20	29	24	24	41	29	35	44
Martín Herreño	Bardiani CSF 7 Saber	Colombia		0 kg	19 jaar	38	30	20	39	35	28	20	31	42	20
Márk Valent	MBH Bank Ballan Telecom Fort	Hungary		0 kg	21 jaar	37	31	20	40	30	29	20	26	43	20
Josh Kench	Groupama-FDJ United	New Zealand		0 kg	24 jaar	37	33	20	33	25	26	32	38	30	31
Iñigo Elosegui	Equipo Kern Pharma	Spain	188 cm	75 kg	27 jaar	37	36	38	38	26	32	22	32	40	22
Gabriele Raccagni	Team Polti VisitMalta	Italy	183 cm	63 kg	23 jaar	37	33	20	30	27	41	29	28	35	29
Storm Ingebrigtsen	Uno-X Mobility	Norway	194 cm	0 kg	21 jaar	37	39	20	37	30	34	20	33	39	20
Filippo Ridolfo	Team Novo Nordisk	Italy	187 cm	0 kg	24 jaar	37	33	26	35	22	39	20	29	42	20
Joseph Pidcock	Pinarello-Q36.5 Pro Cycling Team	Great Britain	170 cm	57 kg	23 jaar	36	31	24	32	30	36	25	34	30	20
Felix Ørn-Kristoff	Lotto-Intermarché	Norway	183 cm	76 kg	19 jaar	36	36	29	30	20	38	20	30	39	20
Nicolas Debeaumarché	Cofidis	France	189 cm	75 kg	27 jaar	36	31	25	35	26	36	20	34	41	20
Leo Hayter	Modern Adventure Pro Cycling	Great Britain	180 cm	68 kg	24 jaar	36	33	28	30	23	28	38	31	34	41
Ayco Bastiaens	Soudal Quick-Step	Belgium	191 cm	76 kg	29 jaar	36	32	29	29	23	38	20	32	39	20
Nicola Marcerou	Team TotalEnergies	France	175 cm	0 kg	23 jaar	36	34	20	33	20	38	20	25	42	20
Alessandro Perracchione	Team Novo Nordisk	Italy		0 kg	21 jaar	36	30	20	28	22	40	20	30	33	20
Vojtech Kminek	Burgos Burpellet BH	Czech Republic	187 cm	75 kg	25 jaar	36	33	20	29	24	40	20	24	36	20
Eivind Fougner	Unibet Rose Rockets	Norway		0 kg	22 jaar	36	27	20	37	30	24	22	34	35	20
Hugo Aznar	Equipo Kern Pharma	Spain	168 cm	59 kg	22 jaar	36	31	20	37	32	26	30	30	39	30
Nicolas Alustiza	Euskaltel-Euskadi	Spain	185 cm	0 kg	23 jaar	35	31	20	33	26	35	20	32	39	20
Pablo Carrascosa	Equipo Kern Pharma	Spain	178 cm	58 kg	23 jaar	35	31	33	36	30	24	20	26	38	20
Robbe Dhondt	Team Picnic PostNL	Belgium	176 cm	0 kg	21 jaar	35	31	26	36	25	32	29	29	40	27
Franklin Archibold	Solution Tech-NIPPO-Rali	Panama		0 kg	28 jaar	35	36	20	31	22	31	36	24	40	37
Christian Bagatin	MBH Bank Ballan Telecom Fort	Italy	183 cm	75 kg	23 jaar	35	34	20	32	25	28	34	24	38	29
Artuur Torney	Team Flanders-Baloise	Belgium		0 kg	22 jaar	35	34	28	25	20	39	20	20	38	20
Oliver Peace	Team Picnic PostNL	Great Britain	186 cm	64 kg	20 jaar	35	31	24	35	32	31	20	32	33	20
Sean Christian	Modern Adventure Pro Cycling	United States	186 cm	0 kg	23 jaar	34	31	22	31	27	35	20	26	38	20
Pablo Garcia	Team Polti VisitMalta	Spain	182 cm	0 kg	25 jaar	34	27	20	34	34	22	27	25	38	27
Andrea Piras	Solution Tech-NIPPO-Rali	Italy		0 kg	24 jaar	34	29	20	35	30	29	20	25	36	20
Albert Torres	Movistar Team	Spain	180 cm	70 kg	35 jaar	34	30	32	31	24	34	26	33	36	27
Oliver Stockwell	Bahrain Victorious	Great Britain	182 cm	0 kg	23 jaar	34	28	25	33	29	34	20	29	37	20
Senne Thonnon	Team Flanders-Baloise	Belgium	181 cm	0 kg	22 jaar	33	31	20	33	20	31	28	21	38	26
Felix Meo	Solution Tech-NIPPO-Rali	New Zealand		0 kg	28 jaar	33	29	20	32	22	35	20	26	36	20
Titouan Fontaine	Groupama-FDJ United	France	183 cm	70 kg	20 jaar	33	34	30	30	21	33	27	23	38	26
Ibai Azanza	Equipo Kern Pharma	Spain	193 cm	74 kg	21 jaar	33	30	20	31	30	33	30	30	36	30
Ben Oliver	Modern Adventure Pro Cycling	New Zealand	183 cm	71 kg	29 jaar	33	32	20	31	20	23	35	20	36	37
Tuur Dens	Team Flanders-Baloise	Belgium	184 cm	81 kg	25 jaar	33	31	26	25	21	36	20	23	36	20
Sam Brand	Team Novo Nordisk	Great Britain	186 cm	76 kg	34 jaar	33	29	20	34	23	31	20	28	38	20
Ander Ganzabal	Euskaltel-Euskadi	Spain	176 cm	63 kg	26 jaar	33	29	20	33	23	33	20	26	37	20
Mattia Stenico	Bardiani CSF 7 Saber	Italy		0 kg	19 jaar	33	29	20	35	24	30	20	24	38	20
David Lozano	Team Novo Nordisk	Spain	178 cm	63 kg	37 jaar	33	27	20	34	26	27	20	31	34	20
Carlos Samudio	Solution Tech-NIPPO-Rali	Panama		0 kg	28 jaar	33	27	20	32	30	26	20	33	35	20
Antonio Polga	Team Novo Nordisk	Italy		0 kg	26 jaar	33	29	20	35	21	29	20	28	37	20
Marco Manenti	Bardiani CSF 7 Saber	Italy	184 cm	0 kg	23 jaar	33	31	20	31	22	36	20	22	36	20
Hugo Scala	Modern Adventure Pro Cycling	United States		0 kg	28 jaar	32	29	20	34	20	29	20	24	30	20
Hamish Beadle	Team Novo Nordisk	New Zealand	167 cm	64 kg	27 jaar	32	31	20	28	20	34	20	27	29	20
Quinten De Graeve	Team Novo Nordisk	Belgium		0 kg	25 jaar	32	28	24	27	21	34	20	26	35	20
Hamish Armitt	Team Novo Nordisk	Great Britain		0 kg	23 jaar	32	28	20	34	20	24	23	27	34	23
César Pérez	Equipo Kern Pharma	Spain	183 cm	66 kg	21 jaar	32	29	20	34	21	27	20	25	37	20
Samuel Flórez	Modern Adventure Pro Cycling	Colombia	180 cm	63 kg	20 jaar	32	31	20	29	20	24	34	25	30	35
Declan Irvine	Team Novo Nordisk	Australia	178 cm	75 kg	26 jaar	32	28	25	26	21	35	20	25	33	20
Alessandro Iacchi	Solution Tech-NIPPO-Rali	Italy	170 cm	59 kg	26 jaar	31	28	20	30	22	32	20	29	33	20
Edoardo Cipollini	MBH Bank Ballan Telecom Fort	Italy	180 cm	0 kg	20 jaar	31	29	20	33	23	25	20	20	34	20
Unai Aznar	Euskaltel-Euskadi	Spain	175 cm	68 kg	23 jaar	31	29	20	24	27	27	32	24	32	32
Kieran Haug	Modern Adventure Pro Cycling	United States	190 cm	67 kg	23 jaar	31	30	20	32	25	26	30	28	32	30
Ian Lopez de San Roman	Modern Adventure Pro Cycling	United States	180 cm	64 kg	22 jaar	31	28	20	31	31	28	20	29	33	20
Nolan Huysmans	Team Flanders-Baloise	Belgium		0 kg	20 jaar	31	27	20	26	20	34	20	20	32	20
Brody McDonald	Modern Adventure Pro Cycling	United States	175 cm	65 kg	23 jaar	31	29	23	29	20	33	20	22	31	20
Iker Villar	Caja Rural-Seguros RGA	Spain	183 cm	73 kg	19 jaar	30	26	20	24	20	34	20	24	23	20
Gabriele Bessega	Team Polti VisitMalta	Italy	181 cm	0 kg	21 jaar	30	30	20	25	20	31	27	22	31	26
Célestin Wattelle	Team Novo Nordisk	France		0 kg	22 jaar	30	27	20	24	20	33	20	26	29	20
Colin Savioz	Unibet Rose Rockets	France	172 cm	53 kg	21 jaar	30	27	20	30	28	25	27	26	32	26
Zsombor Takács	MBH Bank Ballan Telecom Fort	Hungary		0 kg	20 jaar	30	30	20	31	20	27	20	23	33	20
Camille Charret	Cofidis	France		0 kg	19 jaar	30	29	20	23	22	32	29	20	32	29
Edward Cruz Martínez	Bardiani CSF 7 Saber	Colombia		0 kg	19 jaar	30	24	20	29	30	26	20	27	31	20
Santiago Ferraro	Bardiani CSF 7 Saber	Italy		0 kg	19 jaar	29	28	20	29	20	29	20	23	34	20
Luca Verrando	Solution Tech-NIPPO-Rali	Italy		0 kg	21 jaar	29	26	20	29	20	30	20	24	32	20
Tommaso Bessega	Team Polti VisitMalta	Italy	181 cm	0 kg	21 jaar	29	27	20	30	21	27	26	23	33	25
Andrea Montagner	Bardiani CSF 7 Saber	Italy		0 kg	20 jaar	29	26	20	26	20	30	20	24	30	20
Yago Aguirre	Euskaltel-Euskadi	Spain		0 kg	21 jaar	29	25	20	24	20	31	20	24	30	20
Samuel Boardman	Modern Adventure Pro Cycling	United States		0 kg	30 jaar	29	26	20	30	23	27	21	24	30	20
Umberto Poli	Team Novo Nordisk	Italy	167 cm	0 kg	29 jaar	29	25	20	23	20	32	20	25	25	20
Iker Gómez	Equipo Kern Pharma	Spain	180 cm	74 kg	19 jaar	28	24	20	30	22	22	20	22	30	20
Filippo Cettolin	Bardiani CSF 7 Saber	Italy		0 kg	19 jaar	28	25	20	25	20	30	20	24	29	20
Matteo Regnanti	Solution Tech-NIPPO-Rali	Italy	174 cm	0 kg	24 jaar	28	27	20	29	21	25	20	23	31	20
Martín Rey	Burgos Burpellet BH	Spain	177 cm	65 kg	22 jaar	28	25	20	29	22	24	20	24	29	20
Robin Carpenter	Modern Adventure Pro Cycling	United States	178 cm	0 kg	33 jaar	28	24	20	29	28	21	20	23	28	20
Aidan Buttigieg	Team Polti VisitMalta	Malta	172 cm	68 kg	28 jaar	28	24	20	20	22	21	30	24	25	32
Unai Ramos	Equipo Kern Pharma	Spain	175 cm	60 kg	20 jaar	28	25	20	29	23	22	20	25	29	20
Tomoya Koyama	Burgos Burpellet BH	Japan	173 cm	68 kg	27 jaar	28	26	20	23	20	30	20	24	28	20
Gorka Corres	Caja Rural-Seguros RGA	Spain	176 cm	63 kg	20 jaar	27	24	20	28	20	25	20	22	31	20
Pablo Lospitao	Caja Rural-Seguros RGA	Spain	187 cm	67 kg	20 jaar	27	24	20	28	20	22	20	23	29	20
Bailey McDonald	Team Novo Nordisk	Australia		0 kg	22 jaar	27	24	20	22	20	30	20	22	28	20
Balint Makrai	MBH Bank Ballan Telecom Fort	Hungary		0 kg	19 jaar	26	25	20	28	20	21	20	20	28	20
Dario Giuliano	Team Polti VisitMalta	France	177 cm	63 kg	21 jaar	26	24	20	27	20	23	20	23	29	20
Anton Muller	Team Novo Nordisk	France		0 kg	27 jaar	26	24	20	24	20	27	20	25	26	20
Yen Yi Ho	Equipo Kern Pharma	Taiwan	177 cm	63 kg	24 jaar	26	24	20	26	20	27	20	24	27	20
Théo Lévêque	Team TotalEnergies	France	173 cm	0 kg	22 jaar	26	25	20	25	26	24	20	25	27	20
Gari Ugarte	Euskaltel-Euskadi	Spain		0 kg	20 jaar	26	23	20	28	22	22	20	22	28	20
Adrián Benito	Team Polti VisitMalta	Spain		0 kg	21 jaar	25	23	20	26	20	21	20	20	28	20
Nathan Smith	Team Novo Nordisk	Great Britain		0 kg	25 jaar	25	22	20	23	21	23	20	25	25	20
Jose Maria Martin Muñoz	Equipo Kern Pharma	Spain	189 cm	68 kg	25 jaar	24	22	20	24	21	24	20	23	25	20
Jacopo Colladon	Team Novo Nordisk	Italy		0 kg	22 jaar	24	23	20	24	20	23	20	23	25	20
Lucas Terrier	Team Novo Nordisk	France		0 kg	19 jaar	24	24	20	22	20	24	20	22	25	20
Ellande Larronde	Caja Rural-Seguros RGA	France	183 cm	71 kg	19 jaar	24	25	20	25	20	22	20	20	27	20
Lucas Towers	Modern Adventure Pro Cycling	Great Britain	177 cm	58 kg	22 jaar	23	22	20	24	20	21	20	20	23	20
Adrian Fajardo Toledo	Burgos Burpellet BH	Spain		0 kg	22 jaar	23	22	20	24	20	21	20	20	24	20
Milan Van den Haute	Team Flanders-Baloise	Belgium		0 kg	20 jaar	23	25	20	21	20	23	23	20	26	23
Juan José López	Team Novo Nordisk	Spain		0 kg	19 jaar	23	23	20	22	20	21	20	23	24	20
Louis-Marie Posnic	Team Novo Nordisk	France		0 kg	22 jaar	23	22	20	22	20	23	20	23	24	20
Lucas Dauge	Team Novo Nordisk	France	167 cm	0 kg	29 jaar	23	23	20	21	20	22	20	24	23	20
Samuel Fernández Heres	Euskaltel-Euskadi	Spain		0 kg	22 jaar	23	22	20	23	20	21	20	22	23	20
Ezra Caudell	Modern Adventure Pro Cycling	United States		0 kg	19 jaar	20	20	20	20	20	20	20	20	20	20
Matteo Turconi	Bardiani CSF 7 Saber	Italy	185 cm	67 kg	18 jaar	20	20	20	20	20	20	20	20	20	20
