Renner	Prijs	Team	OML	KBK	SAM	STR	NOK	BKC	MSR	RVB	E3	IFF	DDV	RVV	SP	PR	RVL	BRP	AGT	WAP	LBL	Races	Specialiteit
MIKUTIS Aivaras	2	Tudor Pro Cycling Team	1	1	0	0	0	0	0	0	0	1	0	0	0	0	0	0	0	0	0	2	TT
PLUIMERS Rick	4	Tudor Pro Cycling Team	0	1	0	0	0	0	1	0	1	0	1	1	0	0	0	0	1	0	0	5	Oneday
MORO Manlio	2	Movistar Team	1	1	0	0	0	0	0	0	0	1	0	0	0	0	0	0	0	0	0	3	Oneday
KELEMEN Petr	2	Tudor Pro Cycling Team	1	1	0	0	0	0	0	0	0	1	0	0	0	0	0	0	0	0	0	3	TT
DE JONG Timo	2	Team Picnic PostNL	1	1	0	0	0	0	0	0	0	0	0	0	0	0	0	0	0	0	0	2	Sprint
MAYER Alexandre	2	Burgos Burpellet BH	1	1	0	0	0	0	0	0	0	0	0	0	0	0	0	0	0	0	0	2	TT
BOUGLAS Georgios	2	Burgos Burpellet BH	1	1	0	0	0	0	0	0	0	0	0	0	0	0	0	0	0	0	0	2	Sprint
KRIJNSEN Jelte	3	Team Jayco AlUla	1	1	0	0	1	1	0	1	1	1	1	1	0	1	0	0	0	0	0	10	GC
GROVES Kaden	6	Alpecin-Premier Tech	1	1	1	0	0	0	1	0	0	0	1	1	0	1	0	0	0	0	0	7	Hills
PLANCKAERT Edward	3	Alpecin-Premier Tech	1	1	0	0	0	0	0	0	0	0	0	0	0	0	0	0	0	0	0	2	Oneday
KIRSCH Alex	3	Cofidis	1	1	0	0	0	0	1	1	0	1	1	1	0	1	0	0	0	0	0	8	TT
WELLENS Tim	6	UAE Team Emirates - XRG	1	1	0	0	0	0	0	0	0	0	0	0	0	0	0	1	1	0	0	3	GC
DE LIE Arnaud	6	Lotto Intermarché	1	1	0	0	0	0	0	1	0	1	1	1	0	1	0	0	0	0	0	6	Oneday
WRIGHT Fred	4	Pinarello Q36.5 Pro Cycling Team	1	1	0	0	0	0	1	0	1	1	1	1	0	1	0	0	0	0	0	7	Hills
TRONCHON Bastien	3	Groupama - FDJ United	1	1	0	1	0	0	0	0	1	1	1	1	0	1	0	0	0	0	0	7	Oneday
PEDERSEN Rasmus Søjberg	3	Decathlon CMA CGM Team	1	1	0	0	0	0	0	1	1	0	0	0	0	0	0	0	0	0	0	3	Sprint
VAN BOVEN Luca	3	Lotto Intermarché	1	1	0	0	0	0	0	0	0	1	0	0	0	0	0	0	1	0	0	3	Hills
BRUNEL Alexys	3	TotalEnergies	1	1	0	0	0	0	0	0	0	1	0	0	0	0	0	0	0	0	0	2	TT
BARTHE Cyril	3	Groupama - FDJ United	1	1	1	0	0	0	0	0	0	0	0	0	0	0	0	0	0	0	0	2	Hills
CAPIOT Amaury	3	Team Jayco AlUla	1	1	0	0	1	1	0	1	1	1	1	1	0	1	1	0	0	0	0	10	Oneday
MULLEN Ryan	2	NSN Cycling Team	1	1	0	0	0	0	0	0	0	1	0	0	0	0	0	0	0	0	0	2	TT
KMÍNEK Vojtěch	2	Burgos Burpellet BH	1	1	0	0	0	0	0	0	0	0	0	0	0	0	0	0	0	0	0	1	Sprint
O'BRIEN Kelland	2	Team Jayco AlUla	1	1	0	0	0	0	0	0	0	0	0	0	0	0	0	0	0	0	0	1	TT
VADIC Baptiste	2	TotalEnergies	1	1	1	0	0	0	0	0	0	0	0	0	0	0	0	0	0	0	0	2	TT
DE PESTEL Sander	2	Decathlon CMA CGM Team	1	1	0	0	0	0	0	0	0	0	0	0	0	0	0	0	0	0	0	1	Oneday
JEANNIÈRE Emilien	4	TotalEnergies	0	1	0	0	0	0	0	0	0	1	0	0	0	0	0	0	0	0	0	2	Oneday
MOSCHETTI Matteo	4	Pinarello Q36.5 Pro Cycling Team	0	1	0	0	0	0	0	0	0	0	0	0	0	0	0	0	0	0	0	1	Sprint
DILLIER Silvan	3	Alpecin-Premier Tech	0	1	1	0	0	0	0	0	0	1	0	0	0	0	0	0	0	0	0	3	Oneday
HERREGODTS Rune	3	UAE Team Emirates - XRG	0	1	0	0	0	0	0	0	0	0	0	0	0	0	0	0	0	0	0	1	TT
TOWNSEND Rory	3	Unibet Rose Rockets	0	1	1	0	0	0	0	0	0	0	0	0	0	0	0	0	0	0	0	2	Oneday
MEZGEC Luka	3	Team Jayco AlUla	0	1	0	0	0	0	0	0	0	0	0	0	0	0	0	0	0	0	0	1	Hills
SENTJENS Sente	2	Alpecin-Premier Tech	0	1	0	0	1	1	0	0	0	0	0	0	1	0	1	0	0	0	0	5	Sprint
REINDERS Elmar	2	Unibet Rose Rockets	0	1	1	0	0	1	0	1	0	1	0	0	1	0	0	0	0	0	0	6	Oneday
BOARDMAN Samuel	2	Modern Adventure Pro Cycling	0	1	1	0	0	0	0	0	0	0	0	0	0	0	0	0	0	0	0	2	TT
CHRISTIAN Sean	2	Modern Adventure Pro Cycling	0	1	1	0	0	0	0	0	0	0	0	0	0	0	0	0	0	0	0	2	Sprint
GONOV Lev	2	XDS Astana Team	0	1	0	0	0	0	0	0	0	0	0	0	0	0	0	0	0	0	0	1	Sprint
BRENNAN Matthew	6	Team Visma | Lease a Bike	0	1	0	0	0	0	1	0	0	1	1	1	0	1	0	0	0	0	0	6	Sprint
MOZZATO Luca	4	Tudor Pro Cycling Team	1	1	0	0	0	0	0	0	0	1	0	0	0	0	0	0	0	0	0	2	Oneday
TRENTIN Matteo	5	Tudor Pro Cycling Team	1	1	0	0	0	0	0	0	0	1	0	0	0	0	0	0	0	0	0	3	Oneday
GOVEKAR Matevž	3	Bahrain - Victorious	0	1	1	0	0	0	0	0	0	0	0	0	0	0	0	0	0	0	0	2	Hills
TEUNISSEN Mike	4	XDS Astana Team	1	1	0	0	0	0	1	0	1	1	1	1	0	1	0	0	0	0	0	8	Oneday
REX Laurenz	4	Soudal - Quick Step	0	1	1	0	1	1	0	0	0	0	0	0	0	1	0	0	0	0	0	5	Oneday
ANDRESEN Tobias Lund	4	Decathlon CMA CGM Team	1	1	0	0	0	0	1	1	0	1	1	0	0	0	0	0	0	0	0	6	Sprint
BOL Cees	4	Decathlon CMA CGM Team	0	1	0	0	0	0	0	0	0	0	0	0	0	0	0	0	0	0	0	1	Sprint
LAMPERTI Luke	4	EF Education - EasyPost	1	1	0	0	0	0	1	1	1	1	1	1	0	1	0	0	0	0	0	9	Sprint
MEEUS Jordi	5	Red Bull - BORA - hansgrohe	1	1	1	0	1	0	0	0	0	1	0	0	1	1	0	0	0	0	0	7	Oneday
HOFSTETTER Hugo	5	NSN Cycling Team	0	1	1	0	1	1	0	0	0	1	0	1	1	1	0	0	0	0	0	8	Oneday
BARRENETXEA Jon	3	Movistar Team	1	1	0	0	0	0	0	0	0	1	1	0	0	0	0	0	0	0	0	4	Hills
VAN DIJKE Tim	3	Red Bull - BORA - hansgrohe	1	1	0	0	0	0	1	0	0	0	0	1	0	1	0	0	0	0	0	5	TT
DAUPHIN Florian	2	TotalEnergies	0	1	1	0	0	0	0	0	0	1	0	0	0	0	0	0	0	0	0	3	Sprint
GARCÍA CORTINA Iván	4	Movistar Team	1	1	0	0	0	0	0	0	0	1	1	0	0	1	0	0	0	0	0	4	Oneday
KOPECKÝ Matyáš	2	Unibet Rose Rockets	1	1	0	0	0	0	0	0	0	1	0	0	0	0	0	0	0	0	0	3	Sprint
DE SCHUYTENEER Steffen	3	Lotto Intermarché	0	1	1	0	1	1	0	0	0	0	0	0	1	0	0	0	0	0	0	5	Sprint
LAPORTE Christophe	5	Team Visma | Lease a Bike	1	1	1	0	0	0	1	0	1	1	1	1	0	1	0	0	0	0	0	9	Oneday
PHILIPSEN Jasper	9	Alpecin-Premier Tech	1	1	0	0	1	0	1	1	0	1	1	0	1	1	0	0	0	0	0	9	Sprint
ZINGLE Axel	4	Team Visma | Lease a Bike	1	1	0	0	0	0	0	0	1	0	1	1	0	0	0	0	1	0	0	5	Oneday
KIELICH Timo	3	Team Visma | Lease a Bike	1	1	0	1	0	0	1	0	1	1	0	1	0	1	0	0	0	0	0	7	Oneday
MATTIO Pietro	2	Team Visma | Lease a Bike	1	1	1	0	0	0	0	0	0	0	0	0	0	0	0	0	0	0	0	2	Hills
FIORELLI Filippo	3	Team Visma | Lease a Bike	0	1	0	1	0	0	0	0	0	0	0	0	0	0	0	0	1	0	1	4	Hills
MIQUEL Pau	3	Bahrain - Victorious	1	1	0	0	0	0	0	0	0	0	0	1	0	0	0	0	1	0	0	4	Hills
OLIVER Ben	2	Modern Adventure Pro Cycling	0	1	1	0	0	0	0	0	0	0	0	0	0	0	0	0	0	0	0	2	Sprint
CANAL Carlos	3	Movistar Team	1	1	0	0	0	0	0	0	0	1	0	0	0	0	0	0	0	0	0	2	Hills
HUENS Axel	3	Groupama - FDJ United	1	1	1	0	0	0	0	0	0	0	0	0	0	0	0	0	0	0	0	2	Oneday
BRAET Vito	3	Lotto Intermarché	1	1	1	0	0	0	0	0	0	0	0	0	0	0	0	0	0	0	0	2	Oneday
RESELL Erik Nordsæter	2	Uno-X Mobility	1	1	0	0	0	0	0	0	0	0	0	0	0	0	0	0	0	0	0	1	Oneday
OLIVEIRA Rui	3	UAE Team Emirates - XRG	1	1	0	0	1	0	0	0	0	1	0	1	0	1	0	0	0	0	0	6	Hills
ALBANESE Vincenzo	3	EF Education - EasyPost	1	1	0	0	0	0	1	1	1	1	1	1	0	1	0	0	0	0	0	8	Hills
MOHORIČ Matej	5	Bahrain - Victorious	1	1	0	1	0	0	1	0	1	1	1	1	0	1	0	0	0	0	0	9	Oneday
JOHANSEN Julius	2	UAE Team Emirates - XRG	1	1	0	0	0	0	0	0	1	1	1	1	0	1	0	0	0	0	0	5	TT
BOULAHOITE Rayan	2	TotalEnergies	0	1	0	0	0	0	0	0	0	0	0	0	0	0	0	0	0	0	0	1	GC
HONORÉ Mikkel Frølich	3	EF Education - EasyPost	1	1	0	1	0	0	1	0	0	0	0	1	0	0	0	0	0	0	1	5	Oneday
HOBBS Noah	3	EF Education - EasyPost	1	1	0	0	0	0	0	0	0	0	0	0	0	0	0	0	0	0	0	1	Sprint
THEUNS Edward	3	Lidl - Trek	1	1	0	0	0	0	0	0	0	0	0	0	0	0	0	0	0	0	0	1	Oneday
LEROUX Samuel	2	TotalEnergies	1	1	1	0	0	0	0	0	0	0	0	0	0	0	0	0	0	0	0	2	GC
MACÍAS César	2	Burgos Burpellet BH	1	1	0	0	0	0	0	0	0	1	0	0	0	0	0	0	0	0	0	2	Sprint
SIMMONS Colby	2	EF Education - EasyPost	1	1	0	0	0	0	0	0	0	0	0	0	0	0	0	0	0	0	0	1	Sprint
ROOSEN Timo	2	Team Picnic PostNL	1	1	1	0	0	0	0	0	0	0	0	0	0	0	0	0	0	0	0	2	Oneday
BURNETT Josh	2	Burgos Burpellet BH	1	1	0	0	0	0	0	0	0	0	0	0	0	0	0	0	0	0	0	1	GC
VERMEERSCH Florian	5	UAE Team Emirates - XRG	1	1	0	1	0	0	1	1	1	1	1	1	0	1	0	0	0	0	0	9	Oneday
DE GENDT Aimé	3	Pinarello Q36.5 Pro Cycling Team	1	1	0	0	0	0	0	0	0	1	0	0	0	0	0	0	0	0	0	2	Oneday
RENARD Alexis	3	Cofidis	1	1	1	0	1	0	0	1	0	1	1	0	0	0	0	0	0	0	0	6	Oneday
MAGNIER Paul	7	Soudal - Quick Step	1	1	0	0	0	0	1	0	0	0	1	1	0	0	0	0	0	0	0	4	Oneday
PITHIE Laurence	4	Red Bull - BORA - hansgrohe	1	1	0	0	0	0	1	0	1	1	1	1	0	1	0	0	0	0	0	7	Oneday
POLITT Nils	4	UAE Team Emirates - XRG	1	1	0	0	0	0	0	0	0	0	0	0	0	0	0	0	0	0	0	1	Oneday
BERCKMOES Jenno	4	Lotto Intermarché	1	1	0	0	0	0	1	0	1	1	1	1	0	0	0	1	1	0	0	8	Oneday
ABRAHAMSEN Jonas	4	Uno-X Mobility	1	1	0	0	0	0	1	0	1	1	1	1	0	1	0	0	0	0	0	7	Oneday
VAN DIJKE Mick	3	Red Bull - BORA - hansgrohe	1	1	0	0	0	0	0	0	0	0	1	1	0	1	0	0	0	0	0	4	GC
GIRMAY Biniam	5	NSN Cycling Team	1	1	0	0	0	0	0	0	0	1	1	0	0	0	0	0	0	0	0	2	Oneday
DE BONDT Dries	4	Team Jayco AlUla	1	1	0	0	1	1	0	0	1	1	1	1	0	1	1	0	0	0	0	8	Oneday
VAN DEN BERG Marijn	4	EF Education - EasyPost	1	1	0	0	0	0	1	0	1	1	1	1	0	1	0	0	1	0	0	7	Hills
MARIT Arne	4	Red Bull - BORA - hansgrohe	1	1	1	0	1	0	0	0	1	1	1	0	1	0	0	0	0	0	0	6	Oneday
BALLERINI Davide	4	XDS Astana Team	1	1	0	0	0	0	1	1	0	1	0	1	0	1	0	0	0	0	0	5	Oneday
SEGAERT Alec	4	Bahrain - Victorious	1	1	0	0	1	0	0	0	1	1	1	1	0	1	0	0	0	0	0	6	TT
ASKEY Lewis	4	NSN Cycling Team	1	1	0	0	0	0	0	0	0	1	1	1	0	1	0	0	0	0	0	4	Oneday
VAN BAARLE Dylan	4	Soudal - Quick Step	1	1	0	0	0	0	0	0	1	0	1	1	0	1	0	0	0	0	0	4	Oneday
ASGREEN Kasper	4	EF Education - EasyPost	1	1	0	0	0	0	1	0	1	0	0	0	0	1	0	0	0	0	0	3	TT
SKUJIŅŠ Toms	4	Lidl - Trek	1	1	0	0	0	0	0	0	1	1	1	1	0	0	0	0	1	0	0	5	Oneday
TILLER Rasmus	4	Uno-X Mobility	1	1	0	0	0	0	0	0	0	0	0	0	0	0	0	0	0	0	0	0	Oneday
PAGE Hugo	3	Cofidis	1	1	1	0	1	1	0	0	0	1	1	0	0	0	0	0	0	0	0	5	Oneday
NAESEN Oliver	3	Decathlon CMA CGM Team	1	1	0	0	0	0	0	0	1	1	1	1	0	1	0	0	0	0	0	5	Oneday
SHEEHAN Riley	3	NSN Cycling Team	1	1	0	0	0	0	0	0	1	0	1	1	0	1	0	0	0	0	0	4	Oneday
LAMPAERT Yves	3	Soudal - Quick Step	1	1	0	0	0	0	0	0	0	1	1	1	0	1	0	0	0	0	0	4	Oneday
ANIOŁKOWSKI Stanisław	3	Cofidis	1	1	1	0	1	1	0	1	0	0	0	0	0	0	0	0	0	0	0	4	Sprint
ALLEGAERT Piet	3	Cofidis	1	1	0	0	0	0	0	0	0	1	0	0	0	0	0	0	0	0	0	1	Oneday
LOUVEL Matis	3	NSN Cycling Team	1	1	0	0	0	0	0	0	0	1	0	0	0	1	0	0	0	0	0	2	Oneday
VAN MOER Brent	3	Pinarello Q36.5 Pro Cycling Team	1	1	0	0	0	0	0	0	0	1	1	0	0	0	0	0	0	0	0	2	Oneday
FRISON Frederik	3	Pinarello Q36.5 Pro Cycling Team	1	1	0	0	0	0	0	0	0	1	0	0	0	0	0	0	0	0	0	1	Oneday
DEGENKOLB John	3	Team Picnic PostNL	1	1	0	0	0	0	1	0	0	1	1	0	0	1	0	0	0	0	0	4	Oneday
HALLER Marco	3	Tudor Pro Cycling Team	1	1	0	0	0	0	0	0	0	1	0	0	0	0	0	0	0	0	0	1	Oneday
JACOBS Johan	3	Groupama - FDJ United	1	1	0	0	0	0	0	0	0	0	0	0	0	0	0	0	0	0	0	0	Oneday
VAN GESTEL Dries	3	Soudal - Quick Step	1	1	0	0	0	0	0	0	0	0	0	0	0	0	0	0	0	0	0	0	Oneday
LARSEN Niklas	3	Unibet Rose Rockets	1	1	0	0	0	0	0	0	0	0	0	0	0	0	0	0	0	0	0	0	TT
DEWULF Stan	3	Decathlon CMA CGM Team	1	1	0	0	0	0	0	0	0	0	0	0	0	0	0	0	0	0	0	0	Oneday
RUSSO Clément	3	Groupama - FDJ United	1	1	0	0	0	0	0	0	0	0	0	0	0	0	0	0	0	0	0	0	Oneday
ROMELE Alessandro	3	XDS Astana Team	1	1	0	0	0	0	0	0	0	0	0	0	0	0	0	0	0	0	0	0	Hills
GRADEK Kamil	2	Bahrain - Victorious	1	1	0	0	0	0	0	0	0	1	0	0	0	0	0	0	0	0	0	1	TT
CAVIA Daniel	2	Burgos Burpellet BH	1	1	0	0	0	0	0	0	0	1	0	0	0	0	0	0	0	0	0	1	GC
ALLENO Clément	2	Burgos Burpellet BH	1	1	0	0	0	0	0	0	0	1	0	0	0	0	0	0	0	0	0	1	Hills
BOIVIN Guillaume	2	NSN Cycling Team	1	1	0	0	0	0	0	0	0	1	0	0	0	0	0	0	0	0	0	1	Oneday
MAŁECKI Kamil	2	Pinarello Q36.5 Pro Cycling Team	1	1	0	0	0	0	0	0	0	1	0	0	0	0	0	0	0	0	0	1	GC
RASENBERG Martijn	2	Unibet Rose Rockets	1	1	1	0	0	0	0	0	0	0	0	0	0	0	0	0	0	0	0	1	Sprint
GATE Aaron	2	XDS Astana Team	1	1	0	0	0	0	0	0	0	1	0	0	0	0	0	0	0	0	0	1	GC
Maciejuk Filip	2	Movistar Team	1	1	0	0	0	0	0	0	0	0	0	0	0	0	0	0	0	0	0	0	0
DRIZNERS Jarrad	2	Red Bull - BORA - hansgrohe	1	1	0	0	0	0	0	0	0	0	0	0	0	0	0	0	0	0	0	0	GC
BÉVORT Carl-Frederik	2	Uno-X Mobility	1	1	0	0	0	0	0	0	0	0	0	0	0	0	0	0	0	0	0	0	TT
DONALDSON Robert	2	Team Jayco AlUla	1	1	0	0	0	0	0	0	0	0	0	0	0	0	0	0	0	0	0	0	Sprint
MILAN Jonathan	7	Lidl - Trek	0	1	0	0	0	0	1	0	0	1	1	0	0	1	0	0	0	0	0	4	Sprint
GROENEWEGEN Dylan	4	Unibet Rose Rockets	0	1	0	0	0	1	0	1	0	0	0	0	1	0	1	0	0	0	0	4	Sprint
BAUHAUS Phil	4	Bahrain - Victorious	0	1	1	0	0	0	0	0	0	1	0	0	0	0	0	0	0	0	0	2	Sprint
AULAR Orluis	4	Movistar Team	0	1	0	0	0	0	0	0	0	1	0	0	0	0	0	0	0	0	0	1	Hills
BITTNER Pavel	4	Team Picnic PostNL	0	1	0	0	0	1	0	1	0	1	0	0	0	1	0	0	0	0	0	4	Sprint
PENHOËT Paul	4	Groupama - FDJ United	0	1	1	0	0	0	0	0	0	0	0	0	0	0	0	0	0	0	0	1	Sprint
KANTER Max	4	XDS Astana Team	0	1	0	0	0	0	0	0	0	1	0	0	0	0	0	0	0	0	0	1	Sprint
ACKERMANN Pascal	4	Team Jayco AlUla	0	1	0	0	0	0	0	0	0	0	0	0	0	0	0	0	0	0	0	0	Sprint
MOLANO Juan Sebastián	4	UAE Team Emirates - XRG	0	1	0	0	0	0	0	0	0	0	0	0	0	0	0	0	0	0	0	0	Sprint
ADRIÀ Roger	3	Movistar Team	0	1	0	1	0	0	0	0	0	1	0	0	0	0	0	0	1	1	1	5	Oneday
CRABBE Tom	3	Team Flanders - Baloise	0	1	0	0	1	1	0	1	0	1	1	0	1	0	0	0	0	0	0	6	Sprint
HOOLE Daan	3	Decathlon CMA CGM Team	0	1	0	0	0	0	0	1	0	1	1	1	0	1	0	0	0	0	0	5	TT
RICKAERT Jonas	3	Alpecin-Premier Tech	0	1	1	0	0	0	0	0	0	1	0	0	0	0	0	0	0	0	0	2	Oneday
SÖDERQVIST Jakob	3	Lidl - Trek	0	1	0	0	0	0	0	0	0	0	0	0	0	1	0	0	0	0	0	1	TT
PICKRELL Riley	3	Modern Adventure Pro Cycling	0	1	1	0	0	0	0	0	0	0	0	0	0	0	0	0	0	0	0	1	Hills
SYRITSA Gleb	3	XDS Astana Team	0	1	0	0	0	0	0	0	0	1	0	0	0	0	0	0	0	0	0	1	Sprint
WALSCHEID Max	3	Lidl - Trek	0	1	0	0	0	0	0	0	0	0	0	0	0	0	0	0	0	0	0	0	Sprint
VAN LERBERGHE Bert	3	Soudal - Quick Step	0	1	1	0	1	1	0	0	0	0	0	0	0	0	0	0	0	0	0	3	Oneday
GEENS Jonas	2	Alpecin-Premier Tech	0	1	1	0	0	0	0	0	0	1	0	0	0	0	0	0	0	0	0	2	GC
BORGO Alessandro	2	Bahrain - Victorious	0	1	1	0	0	0	0	0	0	1	0	0	0	0	0	0	0	0	0	2	Sprint
BIESTERBOS Frits	2	Team Picnic PostNL	0	1	1	0	0	0	0	0	0	1	0	0	0	0	0	0	1	0	0	3	TT
MAAS Jan	2	Cofidis	0	1	1	0	0	0	0	0	0	0	0	0	0	0	0	0	0	0	0	1	GC
FONTAINE Titouan	2	Groupama - FDJ United	0	1	1	0	0	0	0	0	0	0	0	0	0	0	0	0	0	0	0	1	TT
SUNEKÆR NORSGAARD Mathias	2	Lidl - Trek	0	1	0	0	0	0	0	0	1	0	0	0	0	1	0	0	0	0	0	2	TT
KESSLER Cole	2	Modern Adventure Pro Cycling	0	1	1	0	0	0	0	0	0	0	0	0	0	0	0	0	0	0	0	1	Hills
STEWART Mark	2	Modern Adventure Pro Cycling	0	1	1	0	0	0	0	0	0	0	0	0	0	0	0	0	0	0	0	1	GC
DE VRIES Hartthijs	2	Unibet Rose Rockets	0	1	0	0	0	0	0	0	0	1	0	0	0	0	0	0	0	0	0	1	Sprint
ØRN-KRISTOFF Felix	2	Lotto Intermarché	0	1	1	0	0	0	0	0	0	0	0	0	0	0	0	0	0	0	0	1	GC
SLOCK Liam	2	Lotto Intermarché	0	1	0	0	0	0	0	0	0	0	0	0	0	0	0	0	0	0	0	0	GC
Caudell Ezra	2	Modern Adventure Pro Cycling	0	1	0	0	0	0	0	0	0	0	0	0	0	0	0	0	0	0	0	0	0
DEMAN Brem	2	Team Flanders - Baloise	0	1	0	0	0	0	0	0	0	0	0	0	0	0	0	0	0	0	0	0	Oneday
GEERAERTS Ferre	2	Team Flanders - Baloise	0	1	0	0	0	0	0	0	0	0	0	0	0	0	0	0	0	0	0	0	TT
HESTERS Jules	2	Team Flanders - Baloise	0	1	0	0	0	0	0	0	0	0	0	0	0	0	0	0	0	0	0	0	Sprint
HUYSMANS Nolan	2	Team Flanders - Baloise	0	1	1	0	0	0	0	0	0	0	0	0	0	0	0	0	0	0	0	1	Sprint
TORNEY Artuur	2	Team Flanders - Baloise	0	1	1	0	0	0	0	0	0	0	0	0	0	0	0	0	0	0	0	1	Sprint
VAN HAUTEGEM Leander	2	Team Flanders - Baloise	0	1	0	0	0	0	0	0	0	0	0	0	0	0	0	0	0	0	0	0	Sprint
MÄRKL Niklas	2	Team Picnic PostNL	0	1	0	0	0	0	0	0	0	1	0	0	0	0	0	0	0	0	0	1	Sprint
THIERRY Pierre	2	TotalEnergies	0	1	0	0	0	0	0	0	0	0	0	0	0	0	0	0	0	0	0	0	TT
HVIDEBERG Jonas Hem	2	Uno-X Mobility	0	1	0	0	0	0	0	0	0	0	0	0	0	0	0	0	0	0	0	0	Oneday
INGEBRIGTSEN Storm	2	Uno-X Mobility	0	1	0	0	0	0	0	0	0	0	0	0	0	0	0	0	0	0	0	0	Sprint
PEDERSEN Henrik	2	Uno-X Mobility	0	1	0	0	0	0	0	0	0	0	0	0	0	0	0	0	0	0	0	0	Sprint
PARISINI Nicolò	2	Pinarello Q36.5 Pro Cycling Team	0	1	0	0	0	0	0	0	0	0	0	0	0	0	0	0	0	0	0	0	Hills
NABERMAN Tim	2	Team Picnic PostNL	0	1	0	0	0	0	0	0	0	0	0	0	0	0	0	0	0	0	0	0	GC
FROIDEVAUX Robin	2	Tudor Pro Cycling Team	0	1	0	0	0	0	0	0	0	0	0	0	0	0	0	0	0	0	0	0	Hills
KÜNG Stefan	5	Tudor Pro Cycling Team	1	0	0	0	0	0	0	0	0	0	0	0	0	0	0	0	0	0	0	1	TT
WATSON Samuel	4	INEOS Grenadiers	1	0	0	0	0	0	0	0	0	0	0	0	0	0	0	0	0	0	0	1	Hills
LIVYNS Arjen	3	XDS Astana Team	1	0	0	1	1	0	0	0	1	1	1	0	0	0	0	0	0	0	0	6	Oneday
BISSEGGER Stefan	3	Decathlon CMA CGM Team	1	0	0	0	0	0	0	0	1	1	0	1	0	1	0	0	0	0	0	5	TT
VAN DEN BROEK Frank	3	Team Picnic PostNL	1	0	0	0	0	0	0	0	1	0	1	1	0	0	0	0	1	1	0	6	GC
VAN MECHELEN Vlad	3	Bahrain - Victorious	1	0	0	0	0	0	0	0	0	0	0	0	0	0	0	0	0	0	0	1	Sprint
FOLDAGER Anders	3	Team Jayco AlUla	1	0	0	0	0	0	0	0	0	0	0	0	0	0	0	0	0	0	0	1	Hills
FLYNN Sean	2	Team Picnic PostNL	1	0	1	0	0	0	0	0	0	1	0	0	0	0	0	0	0	0	0	3	GC
RENARD-HAQUIN Henri-François	2	Team Picnic PostNL	1	0	1	0	0	0	0	0	0	0	0	0	0	0	0	0	0	0	0	2	Hills
GACHIGNARD Thomas	2	TotalEnergies	1	0	0	0	0	0	0	0	0	1	0	0	0	0	0	0	0	0	0	2	GC
SWIFT Ben	2	INEOS Grenadiers	1	0	0	0	0	0	0	0	0	0	0	0	0	0	0	0	0	0	0	1	Oneday
VERGAERDE Otto	2	Lidl - Trek	1	0	0	0	0	0	0	0	0	0	0	0	0	0	0	0	0	0	0	1	Oneday
VANDENSTORME Dylan	2	Team Flanders - Baloise	1	0	1	0	0	0	0	0	0	0	0	0	0	0	0	0	0	0	0	2	Oneday
VAN DER POEL Mathieu	14	Alpecin-Premier Tech	1	0	0	0	0	0	1	0	1	1	0	1	0	1	0	0	0	0	0	6	Oneday
TURGIS Anthony	4	TotalEnergies	1	0	0	0	0	0	0	0	0	1	1	0	0	0	0	0	0	0	0	3	Oneday
SÉNÉCHAL Florian	3	Alpecin-Premier Tech	1	0	0	0	1	0	0	1	0	1	0	1	0	1	0	0	0	0	0	6	Oneday
BAYER Tobias	2	Alpecin-Premier Tech	1	0	0	0	0	0	0	0	0	0	0	0	0	0	0	0	0	0	0	1	Oneday
BELMANS Lennert	2	Alpecin-Premier Tech	1	0	0	0	0	0	0	0	0	0	0	0	0	0	0	0	0	0	0	1	Sprint
VAN HEMELEN Vincent	2	Team Flanders - Baloise	1	0	0	0	0	0	0	0	0	0	0	0	0	0	0	0	0	0	0	1	TT
BEULLENS Cedric	3	Lotto Intermarché	1	0	1	0	0	0	0	0	0	1	0	0	0	0	0	0	0	0	0	3	Oneday
TEUNS Dylan	4	Cofidis	1	0	1	0	0	0	0	0	0	0	1	1	0	0	0	1	1	1	1	8	Climber
HAGENES Per Strand	3	Team Visma | Lease a Bike	1	0	1	0	0	0	0	0	0	0	0	0	0	0	0	0	0	0	0	2	GC
VERMEERSCH Gianni	4	Red Bull - BORA - hansgrohe	1	0	1	1	1	0	0	0	1	1	1	1	0	1	0	0	0	0	0	9	Oneday
GRUEL Thibaud	3	Groupama - FDJ United	1	0	1	0	0	0	0	0	1	1	1	1	0	0	0	0	0	0	0	6	Hills
BIERMANS Jenthe	3	Cofidis	1	0	1	0	1	0	0	0	0	0	0	0	0	0	0	0	0	0	0	3	Oneday
DUJARDIN Sandy	3	TotalEnergies	1	0	1	0	0	0	0	0	0	1	0	0	0	0	0	0	0	0	0	3	Oneday
PIDCOCK Thomas	8	Pinarello Q36.5 Pro Cycling Team	1	0	0	1	0	0	1	0	0	0	0	0	0	0	0	1	1	1	1	6	Oneday
VACEK Mathias	6	Lidl - Trek	1	0	0	0	0	0	1	0	1	1	1	1	0	1	0	0	0	0	0	6	TT
WÆRENSKJOLD Søren	5	Uno-X Mobility	1	0	0	0	0	0	1	1	0	1	1	1	0	1	0	0	0	0	0	6	TT
SHEFFIELD Magnus	5	INEOS Grenadiers	1	0	0	0	0	0	0	0	0	0	0	0	0	0	0	0	0	0	0	0	TT
KUBIŠ Lukáš	4	Unibet Rose Rockets	1	0	1	0	0	1	0	0	0	1	1	1	0	1	0	0	0	0	0	6	Oneday
MADOUAS Valentin	4	Groupama - FDJ United	1	0	0	1	0	0	0	0	1	1	1	1	0	0	0	0	0	0	0	5	Oneday
KRAGH ANDERSEN Søren	4	Lidl - Trek	1	0	0	0	0	0	1	0	1	0	1	0	0	1	0	0	0	0	0	4	TT
VALTER Attila	4	Bahrain - Victorious	1	0	0	1	0	0	0	0	1	0	0	1	0	0	0	0	0	0	0	3	Climber
BETTIOL Alberto	4	XDS Astana Team	1	0	0	0	0	0	1	0	0	0	1	1	0	0	0	0	0	0	0	3	Oneday
TURNER Ben	4	INEOS Grenadiers	1	0	0	0	0	0	0	0	0	0	0	0	0	0	0	0	0	0	0	0	Hills
KWIATKOWSKI Michał	4	INEOS Grenadiers	1	0	0	0	0	0	0	0	0	0	0	0	0	0	0	0	0	0	0	0	Oneday
TEUTENBERG Tim Torn	3	Lidl - Trek	1	0	0	0	1	1	0	0	0	0	0	0	0	0	0	0	0	0	0	2	Sprint
VAN ASBROECK Tom	3	NSN Cycling Team	1	0	1	0	0	0	0	0	0	1	0	0	0	0	0	0	0	0	0	2	Oneday
STANNARD Robert	3	Bahrain - Victorious	1	0	1	0	0	0	0	0	0	0	0	0	0	0	0	0	0	0	0	1	Hills
PEDERSEN Casper	3	Soudal - Quick Step	1	0	0	0	0	0	0	0	0	0	0	0	0	0	0	0	0	0	0	0	Oneday
WITHEN PHILIPSEN Albert	3	Lidl - Trek	1	0	0	0	0	0	0	0	0	0	0	0	0	0	0	0	0	0	0	0	Oneday
MEURISSE Xandro	3	Pinarello Q36.5 Pro Cycling Team	1	0	0	0	0	0	0	0	0	0	0	0	0	0	0	0	0	0	0	0	GC
AFFINI Edoardo	3	Team Visma | Lease a Bike	1	0	0	0	0	0	0	0	0	0	0	0	0	0	0	0	0	0	0	0	TT
HOELGAARD Markus	3	Uno-X Mobility	1	0	0	0	0	0	0	0	0	0	0	0	0	0	0	0	0	0	0	0	Oneday
BLOEM Joren	2	Unibet Rose Rockets	1	0	1	0	0	0	0	0	0	1	0	0	0	0	0	0	0	0	0	2	Sprint
KOPECKÝ Tomáš	2	Unibet Rose Rockets	1	0	1	0	0	0	0	0	0	1	0	0	0	0	0	0	0	0	0	2	TT
VAN SINTMAARTENSDIJK Roel	2	Lotto Intermarché	1	0	1	0	0	0	0	0	0	0	0	0	0	0	0	0	0	0	0	1	GC
LAMBRECHT Michiel	2	Team Flanders - Baloise	1	0	1	0	0	0	0	0	0	0	0	0	0	0	0	0	0	0	0	1	Sprint
DE POOTER Dries	2	Team Jayco AlUla	1	0	0	0	0	0	0	0	0	0	0	0	0	0	0	0	0	0	0	0	Hills
VAN DEN BERG Julius	2	Team Picnic PostNL	1	0	0	0	0	0	0	0	0	1	0	0	0	0	0	0	0	0	0	1	Sprint
BONNET Thomas	2	TotalEnergies	1	0	0	0	0	0	0	0	0	1	0	0	0	0	0	0	0	0	0	1	GC
FELDMANN Karsten Larsen	2	Unibet Rose Rockets	1	0	1	0	0	0	0	0	0	0	0	0	0	0	0	0	0	0	0	1	Hills
HEIDUK Kim	2	INEOS Grenadiers	1	0	0	0	0	0	0	0	0	0	0	0	0	0	0	0	0	0	0	0	Hills
SHMIDT Artem	2	INEOS Grenadiers	1	0	0	0	0	0	0	0	0	0	0	0	0	0	0	0	0	0	0	0	Hills
GRIGNARD Sébastien	2	Lotto Intermarché	1	0	1	0	0	0	0	0	0	0	0	0	0	0	0	0	0	0	0	1	Oneday
DEWEIRDT Siebe	2	Team Flanders - Baloise	1	0	0	0	0	0	0	0	0	0	0	0	0	0	0	0	0	0	0	0	Oneday
LANHOVE Milan	2	Team Flanders - Baloise	1	0	0	0	0	0	0	0	0	0	0	0	0	0	0	0	0	0	0	0	GC
VANHOOF Ward	2	Team Flanders - Baloise	1	0	0	0	0	0	0	0	0	0	0	0	0	0	0	0	0	0	0	0	Oneday
VERCOUILLIE Victor	2	Team Flanders - Baloise	1	0	0	0	0	0	0	0	0	0	0	0	0	0	0	0	0	0	0	0	TT
BYSTRØM Sven Erik	2	Uno-X Mobility	1	0	0	0	0	0	0	0	0	0	0	0	0	0	0	0	0	0	0	0	GC
REINDERINK Pepijn	2	Soudal - Quick Step	1	0	0	0	0	0	0	0	0	0	0	0	0	0	0	0	0	0	0	0	Hills
VERVENNE Jonathan	2	Soudal - Quick Step	1	0	0	0	0	0	0	0	0	0	0	0	0	0	0	0	0	0	0	0	TT
POGAČAR Tadej	14	UAE Team Emirates - XRG	0	0	0	1	0	0	1	0	0	0	0	1	0	1	0	0	0	0	1	5	Climber
EVENEPOEL Remco	12	Red Bull - BORA - hansgrohe	0	0	0	0	0	0	0	0	0	0	0	0	0	0	0	0	1	1	1	3	TT
VAN AERT Wout	11	Team Visma | Lease a Bike	0	0	1	1	0	0	1	0	0	0	0	1	0	1	0	0	0	0	0	5	Oneday
PEDERSEN Mads	10	Lidl - Trek	0	0	0	0	0	0	1	0	1	1	1	1	0	1	0	0	0	0	0	6	Oneday
MERLIER Tim	8	Soudal - Quick Step	0	0	0	0	0	0	0	1	0	1	0	0	1	1	0	0	0	0	0	4	Sprint
VINGEGAARD Jonas	8	Team Visma | Lease a Bike	0	0	0	0	0	0	0	0	0	0	0	0	0	0	0	0	0	0	0	0	GC
HEALY Ben	7	EF Education - EasyPost	0	0	0	1	0	0	0	0	0	0	0	0	0	0	0	0	1	1	1	4	Oneday
SKJELMOSE Mattias	7	Lidl - Trek	0	0	0	0	0	0	0	0	0	0	0	0	0	0	0	0	1	1	1	3	GC
GANNA Filippo	7	INEOS Grenadiers	0	0	0	0	0	0	1	0	0	0	0	0	0	1	0	0	0	0	0	2	TT
AYUSO Juan	7	Lidl - Trek	0	0	0	0	0	0	0	0	0	0	0	0	0	0	0	0	0	1	1	2	Climber
DEL TORO Isaac	7	UAE Team Emirates - XRG	0	0	0	1	0	0	1	0	0	0	0	0	0	0	0	0	0	0	0	2	Oneday
ROGLIČ Primož	7	Red Bull - BORA - hansgrohe	0	0	0	0	0	0	0	0	0	0	0	0	0	0	0	0	0	0	0	0	Climber
POWLESS Neilson	6	EF Education - EasyPost	0	0	0	0	0	0	0	0	0	0	0	0	0	0	0	0	0	0	0	0	Oneday
STUYVEN Jasper	6	Soudal - Quick Step	0	0	0	0	0	0	1	0	1	1	0	1	0	1	0	0	0	0	0	5	Oneday
MATTHEWS Michael	6	Team Jayco AlUla	0	0	0	0	0	0	1	0	1	1	0	1	0	0	0	0	1	0	1	6	Oneday
JORGENSON Matteo	6	Team Visma | Lease a Bike	0	0	0	1	0	0	1	0	0	0	0	0	0	0	0	0	1	1	1	5	GC
NYS Thibau	6	Lidl - Trek	0	0	0	0	0	0	0	0	0	0	0	0	0	0	0	0	1	1	1	3	Hills
VAN GILS Maxim	6	Red Bull - BORA - hansgrohe	0	0	0	0	0	0	0	0	0	0	0	0	0	0	0	0	1	1	1	3	Oneday
BENOOT Tiesj	6	Decathlon CMA CGM Team	0	0	0	0	0	0	0	0	0	0	0	0	0	0	0	0	0	0	0	0	Oneday
KOOIJ Olav	6	Decathlon CMA CGM Team	0	0	0	0	0	0	0	0	0	0	0	0	0	0	0	0	0	0	0	0	Sprint
CARAPAZ Richard	6	EF Education - EasyPost	0	0	0	0	0	0	0	0	0	0	0	0	0	0	0	0	0	0	0	0	Climber
LIPOWITZ Florian	6	Red Bull - BORA - hansgrohe	0	0	0	0	0	0	0	0	0	0	0	0	0	0	0	0	0	0	0	0	GC
ALMEIDA João	6	UAE Team Emirates - XRG	0	0	0	0	0	0	0	0	0	0	0	0	0	0	0	0	0	0	0	0	GC
GRÉGOIRE Romain	5	Groupama - FDJ United	0	0	0	1	0	0	1	0	1	0	1	1	0	0	0	1	1	1	1	9	Hills
FRETIN Milan	5	Cofidis	0	0	0	0	0	1	0	1	0	1	0	0	1	0	1	0	0	0	0	5	Sprint
VAN EETVELT Lennert	5	Lotto Intermarché	0	0	0	1	0	0	1	0	0	0	0	0	0	0	0	0	0	1	1	4	Climber
CHRISTEN Jan	5	UAE Team Emirates - XRG	0	0	0	1	0	0	0	0	0	0	0	0	0	0	0	1	1	1	0	4	Oneday
COSNEFROY Benoît	5	UAE Team Emirates - XRG	0	0	0	0	0	0	0	0	0	0	0	0	0	0	0	1	1	1	1	4	Oneday
JOHANNESSEN Tobias Halland	5	Uno-X Mobility	0	0	0	1	0	0	0	0	0	0	0	0	0	0	0	0	1	1	1	4	Climber
SEIXAS Paul	5	Decathlon CMA CGM Team	0	0	0	1	0	0	0	0	0	0	0	0	0	0	0	0	0	1	1	3	Climber
CICCONE Giulio	5	Lidl - Trek	0	0	0	0	0	0	0	0	0	0	0	0	0	0	0	0	1	1	1	3	Climber
HIRSCHI Marc	5	Tudor Pro Cycling Team	0	0	0	0	0	0	0	0	0	0	0	0	0	0	0	0	1	1	1	3	Oneday
SCARONI Christian	5	XDS Astana Team	0	0	0	0	0	0	0	0	0	0	0	0	0	0	0	0	1	1	1	3	Oneday
UIJTDEBROEKS Cian	5	Movistar Team	0	0	0	0	0	0	0	0	0	0	0	0	0	0	0	0	0	1	1	2	GC
MARTINEZ Lenny	5	Bahrain - Victorious	0	0	0	0	0	0	0	0	0	0	0	0	0	0	0	0	0	1	0	1	Climber
PELLIZZARI Giulio	5	Red Bull - BORA - hansgrohe	0	0	0	1	0	0	0	0	0	0	0	0	0	0	0	0	0	0	0	1	Climber
DEL GROSSO Tibor	5	Alpecin-Premier Tech	0	0	0	0	0	0	0	0	0	0	0	0	0	0	0	0	0	0	0	0	Hills
TIBERI Antonio	5	Bahrain - Victorious	0	0	0	0	0	0	0	0	0	0	0	0	0	0	0	0	0	0	0	0	GC
BUITRAGO Santiago	5	Bahrain - Victorious	0	0	0	0	0	0	0	0	0	0	0	0	0	0	0	0	0	0	0	0	Climber
GALL Felix	5	Decathlon CMA CGM Team	0	0	0	0	0	0	0	0	0	0	0	0	0	0	0	0	0	0	0	0	Climber
ONLEY Oscar	5	INEOS Grenadiers	0	0	0	0	0	0	0	0	0	0	0	0	0	0	0	0	0	0	0	0	GC
VAUQUELIN Kévin	5	INEOS Grenadiers	0	0	0	0	0	0	0	0	0	0	0	0	0	0	0	0	0	0	0	0	GC
GEE-WEST Derek	5	Lidl - Trek	0	0	0	0	0	0	0	0	0	0	0	0	0	0	0	0	0	0	0	0	Climber
HINDLEY Jai	5	Red Bull - BORA - hansgrohe	0	0	0	0	0	0	0	0	0	0	0	0	0	0	0	0	0	0	0	0	GC
O'CONNOR Ben	5	Team Jayco AlUla	0	0	0	0	0	0	0	0	0	0	0	0	0	0	0	0	0	0	0	0	GC
KUSS Sepp	5	Team Visma | Lease a Bike	0	0	0	0	0	0	0	0	0	0	0	0	0	0	0	0	0	0	0	0	Climber
STORER Michael	5	Tudor Pro Cycling Team	0	0	0	0	0	0	0	0	0	0	0	0	0	0	0	0	0	0	0	0	Climber
VINE Jay	5	UAE Team Emirates - XRG	0	0	0	0	0	0	0	0	0	0	0	0	0	0	0	0	0	0	0	0	TT
YATES Adam	5	UAE Team Emirates - XRG	0	0	0	0	0	0	0	0	0	0	0	0	0	0	0	0	0	0	0	0	Climber
NARVÁEZ Jhonatan	5	UAE Team Emirates - XRG	0	0	0	0	0	0	0	0	0	0	0	0	0	0	0	0	0	0	0	0	GC
HERMANS Quinten	4	Pinarello Q36.5 Pro Cycling Team	0	0	0	1	0	0	1	0	0	0	0	0	0	0	0	1	1	1	1	6	Hills
LAPEIRA Paul	4	Decathlon CMA CGM Team	0	0	0	1	0	0	1	0	0	0	0	0	0	0	0	0	1	1	1	5	Oneday
LAURANCE Axel	4	INEOS Grenadiers	0	0	0	1	0	0	1	0	0	0	0	0	0	0	0	0	1	1	1	5	Hills
VAN POPPEL Danny	4	Red Bull - BORA - hansgrohe	0	0	1	0	0	0	1	0	0	1	0	0	0	0	0	0	1	0	0	4	Sprint
TRATNIK Jan	4	Red Bull - BORA - hansgrohe	0	0	0	0	0	0	0	0	1	0	1	1	0	0	0	0	1	0	1	5	TT
SCHMID Mauro	4	Team Jayco AlUla	0	0	0	0	0	0	1	0	0	0	0	1	0	0	0	0	1	1	1	5	Hills
JAKOBSEN Fabio	4	Team Picnic PostNL	0	0	1	0	1	1	0	1	0	0	0	0	1	0	0	0	0	0	0	5	Sprint
ALAPHILIPPE Julian	4	Tudor Pro Cycling Team	0	0	0	1	0	0	1	0	0	0	0	0	0	0	0	0	1	1	1	5	Oneday
BILBAO Pello	4	Bahrain - Victorious	0	0	0	1	0	0	0	0	0	0	0	0	0	0	0	0	1	1	1	4	Climber
PARET-PEINTRE Aurélien	4	Decathlon CMA CGM Team	0	0	0	0	0	0	1	0	0	0	0	0	0	0	0	0	1	1	1	4	GC
MENTEN Milan	4	Lotto Intermarché	0	0	0	0	1	0	0	0	0	0	0	0	0	0	1	1	0	0	0	3	Oneday
TULETT Ben	4	Team Visma | Lease a Bike	0	0	0	1	0	0	0	0	0	0	0	0	0	0	0	0	1	1	1	4	GC
BARRÉ Louis	4	Team Visma | Lease a Bike	0	0	0	1	0	0	0	0	0	0	0	0	0	0	0	0	1	1	1	4	Oneday
THIJSSEN Gerben	4	Alpecin-Premier Tech	0	0	1	0	1	1	0	0	0	0	0	0	0	0	0	0	0	0	0	3	Sprint
ARANBURU Alex	4	Cofidis	0	0	0	0	0	0	1	0	0	0	0	0	0	0	0	0	1	1	1	4	Oneday
COQUARD Bryan	4	Cofidis	0	0	0	0	0	0	1	0	0	0	0	0	0	0	0	1	1	0	0	3	Sprint
WIDAR Jarno	4	Lotto Intermarché	0	0	0	1	0	0	0	0	0	0	0	0	0	0	0	0	0	1	1	3	Climber
VAN WILDER Ilan	4	Soudal - Quick Step	0	0	0	0	0	0	0	0	0	0	0	0	0	0	0	0	1	1	1	3	GC
SIVAKOV Pavel	4	UAE Team Emirates - XRG	0	0	0	0	0	0	0	0	0	0	0	0	0	0	0	0	1	1	1	3	GC
GODON Dorian	4	INEOS Grenadiers	0	0	0	0	0	0	0	0	0	0	0	0	0	0	0	0	1	1	0	2	Hills
SIMMONS Quinn	4	Lidl - Trek	0	0	0	1	0	0	0	0	0	0	0	0	0	0	0	0	1	0	0	2	Hills
MARTÍNEZ Daniel Felipe	4	Red Bull - BORA - hansgrohe	0	0	0	0	0	0	0	0	0	0	0	0	0	0	0	0	0	1	1	2	GC
MORGADO António	4	UAE Team Emirates - XRG	0	0	0	0	0	0	0	0	0	0	1	1	0	0	0	0	0	0	0	2	Oneday
CORT Magnus	4	Uno-X Mobility	0	0	0	0	0	0	1	0	0	0	0	0	0	0	0	0	0	0	1	2	Hills
CARUSO Damiano	4	Bahrain - Victorious	0	0	0	0	0	0	1	0	0	0	0	0	0	0	0	0	0	0	0	1	GC
BERNAL Egan	4	INEOS Grenadiers	0	0	0	1	0	0	0	0	0	0	0	0	0	0	0	0	0	0	0	1	GC
ARENSMAN Thymen	4	INEOS Grenadiers	0	0	0	1	0	0	0	0	0	0	0	0	0	0	0	0	0	0	0	1	GC
ROMEO Iván	4	Movistar Team	0	0	0	0	0	0	1	0	0	0	0	0	0	0	0	0	0	0	0	1	TT
GAVIRIA Fernando	4	Caja Rural - Seguros RGA	0	0	0	0	0	0	0	0	0	0	0	0	0	0	0	0	0	0	0	0	Climber
RICCITELLO Matthew	4	Decathlon CMA CGM Team	0	0	0	0	0	0	0	0	0	0	0	0	0	0	0	0	0	0	0	0	Climber
MIHKELS Madis	4	EF Education - EasyPost	0	0	0	0	0	0	1	1	0	1	1	1	0	1	0	0	0	0	0	6	Oneday
MARTIN Guillaume	4	Groupama - FDJ United	0	0	0	0	0	0	0	0	0	0	0	0	0	0	0	0	0	0	0	0	Climber
GAUDU David	4	Groupama - FDJ United	0	0	0	0	0	0	0	0	0	0	0	0	0	0	0	0	0	0	0	0	Climber
TARLING Joshua	4	INEOS Grenadiers	0	0	0	0	0	0	0	0	0	0	0	0	0	0	0	0	0	0	0	0	TT
RODRÍGUEZ Carlos	4	INEOS Grenadiers	0	0	0	0	0	0	0	0	0	0	0	0	0	0	0	0	0	0	0	0	Climber
WELSFORD Sam	4	INEOS Grenadiers	0	0	0	0	0	0	0	0	0	0	0	0	0	0	0	0	0	0	0	0	Sprint
GEOGHEGAN HART Tao	4	Lidl - Trek	0	0	0	0	0	0	0	0	0	0	0	0	0	0	0	0	0	0	0	0	GC
MAS Enric	4	Movistar Team	0	0	0	0	0	0	0	0	0	0	0	0	0	0	0	0	0	0	0	0	GC
CASTRILLO Pablo	4	Movistar Team	0	0	0	0	0	0	0	0	0	0	0	0	0	0	0	0	0	0	0	0	Climber
RUBIO Einer	4	Movistar Team	0	0	0	0	0	0	0	0	0	0	0	0	0	0	0	0	0	0	0	0	Climber
STRONG Corbin	4	NSN Cycling Team	0	0	0	0	0	0	0	0	0	0	0	0	0	0	0	0	0	0	0	0	Hills
VERNON Ethan	4	NSN Cycling Team	0	0	0	0	0	0	0	0	0	0	0	0	0	0	0	0	0	0	0	0	Sprint
LUTSENKO Alexey	4	NSN Cycling Team	0	0	0	0	0	0	0	0	0	0	0	0	0	0	0	0	0	0	0	0	GC
HARPER Chris	4	Pinarello Q36.5 Pro Cycling Team	0	0	0	0	0	0	0	0	0	0	0	0	0	0	0	0	0	0	0	0	GC
DUNBAR Eddie	4	Pinarello Q36.5 Pro Cycling Team	0	0	0	0	0	0	0	0	0	0	0	0	0	0	0	0	0	0	0	0	GC
BENNETT Sam	4	Pinarello Q36.5 Pro Cycling Team	0	0	0	0	0	0	0	0	0	0	0	0	0	0	0	0	0	0	0	0	Sprint
VLASOV Aleksandr	4	Red Bull - BORA - hansgrohe	0	0	0	0	0	0	0	0	0	0	0	0	0	0	0	0	0	0	0	0	Climber
LANDA Mikel	4	Soudal - Quick Step	0	0	0	0	0	0	0	0	0	0	0	0	0	0	0	0	0	0	0	0	Climber
SCHACHMANN Maximilian	4	Soudal - Quick Step	0	0	0	0	0	0	0	0	0	0	0	0	0	0	0	0	0	0	0	0	GC
DAINESE Alberto	4	Soudal - Quick Step	0	0	0	0	1	1	0	0	0	0	0	0	0	0	0	0	0	0	0	2	Sprint
HAYTER Ethan	4	Soudal - Quick Step	0	0	0	0	0	0	0	0	0	0	0	0	0	0	0	0	0	0	0	0	TT
PARET-PEINTRE Valentin	4	Soudal - Quick Step	0	0	0	0	0	0	0	0	0	0	0	0	0	0	0	0	0	0	0	0	Climber
VANSEVENANT Mauri	4	Soudal - Quick Step	0	0	0	0	0	0	0	0	0	0	0	0	0	0	0	0	0	0	0	0	Climber
PLAPP Luke	4	Team Jayco AlUla	0	0	0	0	0	0	0	0	0	0	0	0	0	0	0	0	0	0	0	0	TT
EEKHOFF Nils	4	Team Picnic PostNL	0	0	0	0	0	0	0	0	0	0	0	0	0	0	0	0	0	0	0	0	Oneday
POOLE Max	4	Team Picnic PostNL	0	0	0	0	0	0	0	0	0	0	0	0	0	0	0	0	0	0	0	0	GC
VAN UDEN Casper	4	Team Picnic PostNL	0	0	0	0	1	0	0	0	0	0	0	0	0	0	0	0	0	0	0	1	Sprint
CAMPENAERTS Victor	4	Team Visma | Lease a Bike	0	0	0	0	0	0	0	0	0	0	0	0	0	0	0	0	0	0	0	0	TT
JEGAT Jordan	4	TotalEnergies	0	0	0	0	0	0	0	0	0	0	0	0	0	0	0	0	0	0	0	0	Climber
DE KLEIJN Arvid	4	Tudor Pro Cycling Team	0	0	0	0	0	0	0	0	0	0	0	0	0	0	0	0	0	0	0	0	Sprint
MCNULTY Brandon	4	UAE Team Emirates - XRG	0	0	0	0	0	0	0	0	0	0	0	0	0	0	0	0	0	0	0	0	GC
SOLER Marc	4	UAE Team Emirates - XRG	0	0	0	0	0	0	0	0	0	0	0	0	0	0	0	0	0	0	0	0	Climber
LEKNESSUND Andreas	4	Uno-X Mobility	0	0	0	0	0	0	0	0	0	0	0	0	0	0	0	0	0	0	0	0	GC
TRÆEN Torstein	4	Uno-X Mobility	0	0	0	0	0	0	0	0	0	0	0	0	0	0	0	0	0	0	0	0	GC
FORTUNATO Lorenzo	4	XDS Astana Team	0	0	0	0	0	0	0	0	0	0	0	0	0	0	0	0	0	0	0	0	GC
VELASCO Simone	4	XDS Astana Team	0	0	0	0	0	0	0	0	0	0	0	0	0	0	0	0	0	0	0	0	Oneday
ARTZ Huub	3	Lotto Intermarché	0	0	0	0	0	0	1	0	0	1	1	1	0	1	0	0	0	0	0	5	TT
LABROSSE Jordan	3	Decathlon CMA CGM Team	0	0	0	1	0	0	1	0	0	0	0	0	0	0	0	0	1	1	1	5	Hills
VALGREN Michael	3	EF Education - EasyPost	0	0	0	0	0	0	0	0	1	1	1	1	0	1	0	0	0	0	0	5	Oneday
NOVAK Domen	3	UAE Team Emirates - XRG	0	0	0	1	0	0	1	0	0	0	0	0	0	0	0	0	1	1	1	5	GC
VENTURINI Clément	3	Unibet Rose Rockets	0	0	0	0	1	0	0	0	1	0	0	0	0	0	0	1	1	1	0	5	Oneday
BUSATTO Francesco	3	Alpecin-Premier Tech	0	0	0	1	0	0	0	0	0	0	0	0	0	0	0	0	1	1	1	4	Oneday
COVI Alessandro	3	Team Jayco AlUla	0	0	0	1	0	0	0	0	0	0	0	0	0	0	0	0	1	1	1	4	Oneday
CHAMPOUSSIN Clément	3	XDS Astana Team	0	0	0	1	0	0	0	0	0	0	0	0	0	0	0	0	1	1	1	4	Climber
IZAGIRRE Ion	3	Cofidis	0	0	0	0	0	0	0	0	0	0	0	0	0	0	0	0	1	1	1	3	GC
BAUDIN Alex	3	EF Education - EasyPost	0	0	0	0	0	0	0	0	0	0	0	0	0	0	0	0	1	1	1	3	GC
COSTIOU Ewen	3	Groupama - FDJ United	0	0	0	0	0	0	0	0	0	0	0	0	0	0	0	0	1	1	1	3	GC
LANGELLOTTI Victor	3	INEOS Grenadiers	0	0	0	0	0	0	0	0	0	0	0	0	0	0	0	0	1	1	1	3	GC
BLACKMORE Joseph	3	NSN Cycling Team	0	0	0	0	0	0	0	0	0	0	0	0	0	0	0	0	1	1	1	3	GC
SCHULTZ Nick	3	NSN Cycling Team	0	0	0	0	0	0	0	0	0	0	0	0	0	0	0	0	1	1	1	3	Climber
RACCAGNI NOVIERO Andrea	3	Soudal - Quick Step	0	0	0	1	0	0	0	0	0	0	0	0	0	0	0	0	1	0	1	3	Hills
BARGUIL Warren	3	Team Picnic PostNL	0	0	0	0	0	0	0	0	0	0	0	0	0	0	0	0	1	1	1	3	Climber
BLIKRA Erlend	3	Uno-X Mobility	0	0	0	0	1	1	0	1	0	0	0	0	0	0	0	0	0	0	0	3	Sprint
ULISSI Diego	3	XDS Astana Team	0	0	0	0	0	0	0	0	0	0	0	0	0	0	0	0	1	1	1	3	GC
EULÁLIO Afonso	3	Bahrain - Victorious	0	0	0	1	0	0	0	0	0	0	0	0	0	0	0	0	0	0	1	2	Climber
GERMANI Lorenzo	3	Groupama - FDJ United	0	0	0	1	0	0	1	0	0	0	0	0	0	0	0	0	0	0	0	2	GC
MOLLEMA Bauke	3	Lidl - Trek	0	0	0	1	0	0	0	0	0	0	0	0	0	0	0	0	1	0	0	2	Climber
ZIMMERMANN Georg	3	Lotto Intermarché	0	0	0	1	0	0	1	0	0	0	0	0	0	0	0	0	0	0	0	2	Oneday
AERTS Toon	3	Lotto Intermarché	0	0	0	0	0	0	0	0	0	0	0	1	0	1	0	0	0	0	0	2	GC
LIEPIŅŠ Emīls	3	Pinarello Q36.5 Pro Cycling Team	0	0	0	0	0	0	0	0	0	1	0	0	0	0	0	0	0	0	0	1	Sprint
ETXEBERRIA Haimar	3	Red Bull - BORA - hansgrohe	0	0	0	0	0	0	0	0	0	0	0	0	0	0	0	0	0	0	0	0	Oneday
DELETTRE Alexandre	3	TotalEnergies	0	0	0	0	0	0	0	0	0	0	0	0	0	0	0	0	0	1	1	2	Oneday
LAFAY Victor	3	Unibet Rose Rockets	0	0	0	1	0	0	0	0	0	0	0	0	0	0	0	0	0	1	0	2	GC
RIESEBEEK Oscar	3	Alpecin-Premier Tech	0	0	0	0	0	0	0	0	0	0	0	0	0	0	0	0	0	0	0	0	Oneday
DEHAIRS Simon	3	Alpecin-Premier Tech	0	0	1	0	0	0	0	0	0	0	0	0	0	0	0	0	0	0	0	1	Sprint
MARCELLUSI Martin	3	Bardiani CSF 7 Saber	0	0	0	1	0	0	0	0	0	0	0	0	0	0	0	0	0	0	0	1	Hills
THOMAS Benjamin	3	Cofidis	0	0	0	0	0	0	1	0	0	0	0	0	0	0	0	0	0	0	0	1	TT
PRODHOMME Nicolas	3	Decathlon CMA CGM Team	0	0	0	1	0	0	0	0	0	0	0	0	0	0	0	0	0	0	0	1	GC
RUTSCH Jonas	3	Lotto Intermarché	0	0	0	0	0	0	0	0	0	1	0	0	0	0	0	0	0	0	0	1	Oneday
MILESI Lorenzo	3	Movistar Team	0	0	0	0	0	0	0	0	0	1	1	0	0	0	0	0	0	0	0	2	TT
KOGUT Oded	3	NSN Cycling Team	0	0	1	0	0	0	0	0	0	0	0	0	0	0	0	0	0	0	0	1	Sprint
DUPONT Timothy	3	Tarteletto - Isorex	0	0	1	0	0	0	0	0	0	0	0	0	0	0	0	0	0	0	0	1	Sprint
CONCA Filippo	3	Team Jayco AlUla	0	0	0	1	0	0	0	0	0	0	0	0	0	0	0	0	0	0	0	1	Climber
TESSON Jason	3	TotalEnergies	0	0	1	0	0	0	0	0	0	0	0	0	0	0	0	0	0	0	0	1	Sprint
ZIJLAARD Maikel	3	Tudor Pro Cycling Team	0	0	0	0	0	0	0	0	0	0	0	0	0	0	0	0	0	0	0	0	TT
BARONCINI Filippo	3	UAE Team Emirates - XRG	0	0	0	0	1	0	0	0	0	0	0	0	0	0	0	0	0	0	0	1	Oneday
BJERG Mikkel	3	UAE Team Emirates - XRG	0	0	0	0	0	0	0	0	0	0	0	0	0	0	0	0	0	0	0	0	TT
FEDOROV Yevgeniy	3	XDS Astana Team	0	0	0	0	0	0	0	0	0	1	0	0	0	0	0	0	0	0	0	1	Oneday
PLOWRIGHT Jensen	3	Alpecin-Premier Tech	0	0	0	0	0	0	0	0	0	0	0	0	0	0	0	0	0	0	0	0	Sprint
UHLIG Henri	3	Alpecin-Premier Tech	0	0	0	0	0	0	0	0	0	0	0	0	0	0	0	0	0	0	0	0	Hills
DEBRUYNE Ramses	3	Alpecin-Premier Tech	0	0	0	0	0	0	0	0	0	0	0	0	0	0	0	0	0	0	0	0	Climber
REMIJN Senna	3	Alpecin-Premier Tech	0	0	0	0	0	0	0	0	0	0	0	0	0	0	0	0	0	0	0	0	Oneday
VERSTRYNGE Emiel	3	Alpecin-Premier Tech	0	0	0	0	0	0	0	0	0	0	0	0	0	0	0	0	0	0	0	0	Climber
ZAMBANINI Edoardo	3	Bahrain - Victorious	0	0	0	0	0	0	0	0	0	0	0	0	0	0	0	0	0	0	0	0	Hills
OMRZEL Jakob	3	Bahrain - Victorious	0	0	0	0	0	0	0	0	0	0	0	0	0	0	0	0	0	0	0	0	GC
ARNDT Nikias	3	Bahrain - Victorious	0	0	0	0	0	0	0	0	0	0	0	0	0	0	0	0	0	0	0	0	Hills
HERRADA Jesús	3	Burgos Burpellet BH	0	0	0	0	0	0	0	0	0	0	0	0	0	0	0	0	0	0	0	0	GC
BARCELÓ Fernando	3	Caja Rural - Seguros RGA	0	0	0	0	0	0	0	0	0	0	0	0	0	0	0	0	0	0	0	0	Climber
PRADES Eduard	3	Caja Rural - Seguros RGA	0	0	0	0	0	0	0	0	0	0	0	0	0	0	0	0	0	0	0	0	Climber
OLDANI Stefano	3	Caja Rural - Seguros RGA	0	0	0	0	0	0	0	0	0	0	0	0	0	0	0	0	0	0	0	0	Climber
LEITÃO Iúri	3	Caja Rural - Seguros RGA	0	0	0	0	0	0	0	0	0	0	0	0	0	0	0	0	0	0	0	0	Climber
BUCHMANN Emanuel	3	Cofidis	0	0	0	0	0	0	0	0	0	0	0	0	0	0	0	0	0	0	0	0	GC
KNIGHT Oliver	3	Cofidis	0	0	0	0	0	0	0	0	0	0	0	0	0	0	0	0	0	0	0	0	TT
GHYS Robbe	3	Decathlon CMA CGM Team	0	0	0	0	0	0	0	0	0	0	0	0	0	0	0	0	0	0	0	0	Oneday
GAUTHERAT Pierre	3	Decathlon CMA CGM Team	0	0	0	0	0	0	0	0	0	0	0	0	0	0	0	0	0	0	0	0	Oneday
BISIAUX Léo	3	Decathlon CMA CGM Team	0	0	0	0	0	0	0	0	0	0	0	0	0	0	0	0	0	0	0	0	GC
STAUNE-MITTET Johannes	3	Decathlon CMA CGM Team	0	0	0	0	0	0	0	0	0	0	0	0	0	0	0	0	0	0	0	0	GC
GUDMESTAD Tord	3	Decathlon CMA CGM Team	0	0	0	0	0	0	0	0	0	0	0	0	0	0	0	0	0	0	0	0	Sprint
SWEENY Harry	3	EF Education - EasyPost	0	0	0	0	0	0	0	0	0	0	0	0	0	0	0	0	0	0	0	0	Hills
RYAN Archie	3	EF Education - EasyPost	0	0	0	0	0	0	0	0	0	0	0	0	0	0	0	0	0	0	0	0	Climber
NERURKAR Lukas	3	EF Education - EasyPost	0	0	0	0	0	0	0	0	0	0	0	0	0	0	0	0	0	0	0	0	Hills
STEINHAUSER Georg	3	EF Education - EasyPost	0	0	0	0	0	0	0	0	0	0	0	0	0	0	0	0	0	0	0	0	Climber
CEPEDA Jefferson Alexander	3	EF Education - EasyPost	0	0	0	0	0	0	0	0	0	0	0	0	0	0	0	0	0	0	0	0	GC
BATTISTELLA Samuele	3	EF Education - EasyPost	0	0	0	0	0	0	0	0	0	0	0	0	0	0	0	0	0	0	0	0	Hills
QUINN Sean	3	EF Education - EasyPost	0	0	0	0	0	0	0	0	0	0	0	0	0	0	0	0	0	0	0	0	GC
SOSA Iván Ramiro	3	Equipo Kern Pharma	0	0	0	0	0	0	0	0	0	0	0	0	0	0	0	0	0	0	0	0	GC
BERTHET Clément	3	Groupama - FDJ United	0	0	0	0	0	0	0	0	0	0	0	0	0	0	0	0	0	0	0	0	Climber
MOLARD Rudy	3	Groupama - FDJ United	0	0	0	0	0	0	0	0	0	0	0	0	0	0	0	0	0	0	0	0	Climber
ROCHAS Rémy	3	Groupama - FDJ United	0	0	0	0	0	0	0	0	0	0	0	0	0	0	0	0	0	0	0	0	GC
CAVAGNA Rémi	3	Groupama - FDJ United	0	0	0	0	0	0	0	0	0	0	0	0	0	0	0	0	0	0	0	0	TT
PACHER Quentin	3	Groupama - FDJ United	0	0	0	0	0	0	0	0	0	0	0	0	0	0	0	0	0	0	0	0	Hills
SVESTAD-BÅRDSENG Embret	3	INEOS Grenadiers	0	0	0	0	0	0	0	0	0	0	0	0	0	0	0	0	0	0	0	0	GC
DE PLUS Laurens	3	INEOS Grenadiers	0	0	0	0	0	0	0	0	0	0	0	0	0	0	0	0	0	0	0	0	GC
FOSS Tobias	3	INEOS Grenadiers	0	0	0	0	0	0	0	0	0	0	0	0	0	0	0	0	0	0	0	0	TT
RIVERA Brandon Smith	3	INEOS Grenadiers	0	0	0	0	0	0	0	0	0	0	0	0	0	0	0	0	0	0	0	0	GC
JUNGELS Bob	3	INEOS Grenadiers	0	0	0	0	0	0	0	0	0	0	0	0	0	0	0	0	0	0	0	0	TT
HAIG Jack	3	INEOS Grenadiers	0	0	0	0	0	0	0	0	0	0	0	0	0	0	0	0	0	0	0	0	GC
SWIFT Connor	3	INEOS Grenadiers	0	0	0	0	0	0	0	0	0	0	0	0	0	0	0	0	0	0	0	0	Oneday
BAGIOLI Andrea	3	Lidl - Trek	0	0	0	0	0	0	0	0	0	0	0	0	0	0	0	0	0	0	0	0	Oneday
SOBRERO Matteo	3	Lidl - Trek	0	0	0	0	0	0	0	0	0	0	0	0	0	0	0	0	0	0	0	0	TT
VERONA Carlos	3	Lidl - Trek	0	0	0	0	0	0	0	0	0	0	0	0	0	0	0	0	0	0	0	0	GC
KÄMNA Lennard	3	Lidl - Trek	0	0	0	0	0	0	0	0	0	0	0	0	0	0	0	0	0	0	0	0	Climber
KONRAD Patrick	3	Lidl - Trek	0	0	0	0	0	0	0	0	0	0	0	0	0	0	0	0	0	0	0	0	Climber
CONSONNI Simone	3	Lidl - Trek	0	0	0	0	0	0	0	0	0	0	0	0	0	0	0	0	0	0	0	0	Oneday
ROTA Lorenzo	3	Lotto Intermarché	0	0	0	0	0	0	0	0	0	0	0	0	0	0	0	0	0	0	0	0	Oneday
TAMINIAUX Lionel	3	Lotto Intermarché	0	0	0	0	0	0	0	0	0	0	0	0	0	0	0	0	0	0	0	0	Oneday
VAN DER HOORN Taco	3	Lotto Intermarché	0	0	0	0	0	0	0	0	0	0	0	0	0	0	0	0	0	0	0	0	Oneday
TESFATSION Natnael	3	Movistar Team	0	0	0	0	0	0	0	0	0	0	0	0	0	0	0	0	0	0	0	0	Hills
GARCÍA PIERNA Raúl	3	Movistar Team	0	0	0	0	0	0	0	0	0	0	0	0	0	0	0	0	0	0	0	0	TT
ROMO Javier	3	Movistar Team	0	0	0	0	0	0	0	0	0	0	0	0	0	0	0	0	0	0	0	0	GC
LÓPEZ Juan Pedro	3	Movistar Team	0	0	0	0	0	0	0	0	0	0	0	0	0	0	0	0	0	0	0	0	GC
FORMOLO Davide	3	Movistar Team	0	0	0	0	0	0	0	0	0	0	0	0	0	0	0	0	0	0	0	0	Climber
CEPEDA Jefferson Alveiro	3	Movistar Team	0	0	0	0	0	0	0	0	0	0	0	0	0	0	0	0	0	0	0	0	GC
QUINTANA Nairo	3	Movistar Team	0	0	0	0	0	0	0	0	0	0	0	0	0	0	0	0	0	0	0	0	GC
OLIVEIRA Nelson	3	Movistar Team	0	0	0	0	0	0	0	0	0	0	0	0	0	0	0	0	0	0	0	0	TT
SÁNCHEZ Pelayo	3	Movistar Team	0	0	0	0	0	0	0	0	0	0	0	0	0	0	0	0	0	0	0	0	Climber
FRIGO Marco	3	NSN Cycling Team	0	0	0	0	0	0	0	0	0	0	0	0	0	0	0	0	0	0	0	0	Climber
STEWART Jake	3	NSN Cycling Team	0	0	0	0	0	0	0	0	0	0	0	0	0	0	0	0	0	0	0	0	Hills
EINHORN Itamar	3	NSN Cycling Team	0	0	0	0	0	0	0	0	0	0	0	0	0	0	0	0	0	0	0	0	Sprint
HIRT Jan	3	NSN Cycling Team	0	0	0	0	0	0	0	0	0	0	0	0	0	0	0	0	0	0	0	0	GC
NEILANDS Krists	3	NSN Cycling Team	0	0	0	0	0	0	0	0	0	0	0	0	0	0	0	0	0	0	0	0	Oneday
WILLIAMS Stephen	3	NSN Cycling Team	0	0	0	0	0	0	0	0	0	0	0	0	0	0	0	0	0	0	0	0	GC
CHRISTEN Fabio	3	Pinarello Q36.5 Pro Cycling Team	0	0	0	0	0	0	0	0	0	0	0	0	0	0	0	0	0	0	0	0	Oneday
DE LA CRUZ David	3	Pinarello Q36.5 Pro Cycling Team	0	0	0	0	0	0	0	0	0	0	0	0	0	0	0	0	0	0	0	0	GC
HOWSON Damien	3	Pinarello Q36.5 Pro Cycling Team	0	0	0	0	0	0	0	0	0	0	0	0	0	0	0	0	0	0	0	0	GC
VADER Milan	3	Pinarello Q36.5 Pro Cycling Team	0	0	0	0	0	0	0	0	0	0	0	0	0	0	0	0	0	0	0	0	GC
FISHER-BLACK Finn	3	Red Bull - BORA - hansgrohe	0	0	0	0	0	0	0	0	0	0	0	0	0	0	0	0	0	0	0	0	GC
DENZ Nico	3	Red Bull - BORA - hansgrohe	0	0	0	0	0	0	0	0	0	0	0	0	0	0	0	0	0	0	0	0	Hills
CATTANEO Mattia	3	Red Bull - BORA - hansgrohe	0	0	0	0	0	0	0	0	0	0	0	0	0	0	0	0	0	0	0	0	TT
RAJOVIĆ Dušan	3	Solution Tech NIPPO Rali	0	0	0	0	0	0	0	0	0	0	0	0	0	0	0	0	0	0	0	0	Sprint
LECERF Junior	3	Soudal - Quick Step	0	0	0	0	0	0	0	0	0	0	0	0	0	0	0	0	0	0	0	0	GC
ZANA Filippo	3	Soudal - Quick Step	0	0	0	1	0	0	0	0	0	0	0	0	0	0	0	0	0	0	0	1	GC
CRAS Steff	3	Soudal - Quick Step	0	0	0	0	0	0	0	0	0	0	0	0	0	0	0	0	0	0	0	0	GC
GAROFOLI Gianmarco	3	Soudal - Quick Step	0	0	0	0	0	0	0	0	0	0	0	0	0	0	0	0	0	0	0	0	Climber
EENKHOORN Pascal	3	Soudal - Quick Step	0	0	0	0	0	0	0	0	0	0	0	0	0	0	0	0	0	0	0	0	Oneday
VAN DEN BOSSCHE Fabio	3	Soudal - Quick Step	0	0	0	0	0	0	0	0	0	0	0	0	0	0	0	0	0	0	0	0	GC
DOUBLE Paul	3	Team Jayco AlUla	0	0	0	0	0	0	0	0	0	0	0	0	0	0	0	0	0	0	0	0	GC
VENDRAME Andrea	3	Team Jayco AlUla	0	0	0	0	0	0	0	0	0	0	0	0	0	0	0	0	0	0	0	0	Hills
ENGELHARDT Felix	3	Team Jayco AlUla	0	0	0	1	0	0	0	0	0	0	0	0	0	0	0	0	0	0	0	1	Oneday
BOUWMAN Koen	3	Team Jayco AlUla	0	0	0	0	0	0	0	0	0	0	0	0	0	0	0	0	0	0	0	0	GC
DURBRIDGE Luke	3	Team Jayco AlUla	0	0	0	0	0	0	0	0	0	0	0	0	0	0	0	0	0	0	0	0	TT
LONARDI Giovanni	3	Team Polti VisitMalta	0	0	0	0	0	0	0	0	0	0	0	0	0	0	0	0	0	0	0	0	Sprint
BEHRENS Niklas	3	Team Visma | Lease a Bike	0	0	0	0	0	0	0	0	0	0	0	0	0	0	0	0	0	0	0	0	Sprint
PIGANZOLI Davide	3	Team Visma | Lease a Bike	0	0	0	0	0	0	0	0	0	0	0	0	0	0	0	0	0	0	0	0	GC
ARMIRAIL Bruno	3	Team Visma | Lease a Bike	0	0	0	0	0	0	0	0	0	0	0	0	0	0	0	0	0	0	0	0	TT
NORDHAGEN Jørgen	3	Team Visma | Lease a Bike	0	0	0	0	0	0	0	0	0	0	0	0	0	0	0	0	0	0	0	0	GC
LEMMEN Bart	3	Team Visma | Lease a Bike	0	0	0	0	0	0	0	0	0	0	0	0	0	0	0	0	0	0	0	0	GC
KELDERMAN Wilco	3	Team Visma | Lease a Bike	0	0	0	0	0	0	0	0	0	0	0	0	0	0	0	0	0	0	0	0	GC
KRUIJSWIJK Steven	3	Team Visma | Lease a Bike	0	0	0	0	0	0	0	0	0	0	0	0	0	0	0	0	0	0	0	0	GC
MANZIN Lorrenzo	3	TotalEnergies	0	0	1	0	0	0	0	0	0	0	0	0	0	0	0	0	0	0	0	1	Sprint
BURGAUDEAU Mathieu	3	TotalEnergies	0	0	0	0	0	0	0	0	0	0	0	0	0	0	0	0	0	0	0	0	Hills
RONDEL Mathys	3	Tudor Pro Cycling Team	0	0	0	0	0	0	0	0	0	0	0	0	0	0	0	0	0	0	0	0	GC
BRENNER Marco	3	Tudor Pro Cycling Team	0	0	0	0	0	0	0	0	0	0	0	0	0	0	0	0	0	0	0	0	Climber
MAYRHOFER Marius	3	Tudor Pro Cycling Team	0	0	0	0	0	0	0	0	0	0	0	0	0	0	0	0	0	0	0	0	Hills
STORK Florian	3	Tudor Pro Cycling Team	0	0	0	0	0	0	0	0	0	0	0	0	0	0	0	0	0	0	0	0	GC
GROßSCHARTNER Felix	3	UAE Team Emirates - XRG	0	0	0	0	0	0	0	0	0	0	0	0	0	0	0	0	0	0	0	0	GC
ARRIETA Igor	3	UAE Team Emirates - XRG	0	0	0	0	0	0	0	0	0	0	0	0	0	0	0	0	0	0	0	0	Climber
OLIVEIRA Ivo	3	UAE Team Emirates - XRG	0	0	0	0	0	0	0	0	0	0	0	0	0	0	0	0	0	0	0	0	TT
VERMAERKE Kevin	3	UAE Team Emirates - XRG	0	0	0	0	0	0	0	0	0	0	0	0	0	0	0	0	0	0	0	0	GC
LAENGEN Vegard Stake	3	UAE Team Emirates - XRG	0	0	0	0	0	0	0	0	0	0	0	0	0	0	0	0	0	0	0	0	GC
POELS Wout	3	Unibet Rose Rockets	0	0	0	1	0	0	0	0	0	0	0	0	0	0	0	0	0	0	0	1	GC
EIKING Odd Christian	3	Unibet Rose Rockets	0	0	0	0	0	0	0	0	0	0	0	0	0	0	0	0	0	0	0	0	GC
LOOCKX Lander	3	Unibet Rose Rockets	0	0	0	0	0	0	0	0	0	0	0	0	0	0	0	0	0	0	0	0	Hills
KULSET Johannes	3	Uno-X Mobility	0	0	0	0	0	0	0	0	0	0	0	0	0	0	0	0	0	0	0	0	GC
JOHANNESSEN Anders Halland	3	Uno-X Mobility	0	0	0	0	0	0	0	0	0	0	0	0	0	0	0	0	0	0	0	0	GC
FREDHEIM Stian	3	Uno-X Mobility	0	0	0	0	0	0	0	0	0	0	0	0	0	0	0	0	0	0	0	0	Oneday
KRON Andreas	3	Uno-X Mobility	0	0	0	0	0	0	0	0	0	0	0	0	0	0	0	0	0	0	0	0	Hills
KAMP Alexander	3	Uno-X Mobility	0	0	0	0	0	0	0	0	0	0	0	0	0	0	0	0	0	0	0	0	Hills
LÓPEZ Harold Martín	3	XDS Astana Team	0	0	0	0	0	0	0	0	0	0	0	0	0	0	0	0	0	0	0	0	GC
MALUCELLI Matteo	3	XDS Astana Team	0	0	0	0	0	0	0	0	0	0	0	0	0	0	0	0	0	0	0	0	Sprint
TEJADA Harold	3	XDS Astana Team	0	0	0	0	0	0	0	0	0	0	0	0	0	0	0	0	0	0	0	0	Climber
SILVA Guillermo Thomas	3	XDS Astana Team	0	0	0	0	0	0	0	0	0	0	0	0	0	0	0	0	0	0	0	0	Oneday
HIGUITA Sergio	3	XDS Astana Team	0	0	0	0	0	0	0	0	0	0	0	0	0	0	0	0	0	0	0	0	Climber
RODRÍGUEZ Cristián	3	XDS Astana Team	0	0	0	0	0	0	0	0	0	0	0	0	0	0	0	0	0	0	0	0	GC
FAGÚNDEZ Eric Antonio	2	Burgos Burpellet BH	0	0	0	0	0	0	0	0	0	1	0	0	0	0	0	0	0	0	0	1	Oneday
DE LA CALLE Hugo	2	Burgos Burpellet BH	0	0	0	0	0	0	0	0	0	1	0	0	0	0	0	0	0	0	0	1	GC
DE BUYST Jasper	2	Lotto Intermarché	0	0	0	0	0	0	0	0	0	1	0	0	0	0	0	0	0	0	0	1	Oneday
KOLZE CHANGIZI Sebastian	2	Tudor Pro Cycling Team	0	0	0	0	0	0	0	1	0	1	1	0	0	0	0	0	0	0	0	3	Sprint
PRICE-PEJTERSEN Johan	2	Alpecin-Premier Tech	0	0	1	0	0	0	0	0	0	0	0	0	0	0	0	0	0	0	0	1	TT
ÁLVAREZ Rodrigo	2	Burgos Burpellet BH	0	0	0	0	0	0	0	0	0	0	0	0	0	0	0	0	0	0	0	0	Sprint
MILAN Matteo	2	Groupama - FDJ United	0	0	1	0	0	0	0	0	0	0	0	0	0	0	0	0	0	0	0	1	Sprint
ZUKOWSKY Nickolas	2	Pinarello Q36.5 Pro Cycling Team	0	0	0	0	0	0	0	0	0	1	0	0	0	0	0	0	0	0	0	1	Oneday
BALLERSTEDT Maurice	2	Alpecin-Premier Tech	0	0	0	0	0	0	0	0	0	1	0	0	0	0	0	0	0	0	0	1	Oneday
BRUTTOMESSO Alberto	2	Bahrain - Victorious	0	0	1	0	0	0	0	0	0	0	0	0	0	0	0	0	0	0	0	1	Sprint
ERŽEN Žak	2	Bahrain - Victorious	0	0	1	0	0	0	0	0	0	0	0	0	0	0	0	0	0	0	0	1	Sprint
MIHOLJEVIĆ Fran	2	Bahrain - Victorious	0	0	0	0	0	0	0	0	0	0	0	0	0	0	0	0	0	0	0	0	TT
QUARTUCCI Lorenzo	2	Burgos Burpellet BH	0	0	0	0	0	0	0	0	0	1	0	0	0	0	0	0	0	0	0	1	GC
KUDUS Merhawi	2	Burgos Burpellet BH	0	0	0	0	0	0	0	0	0	1	0	0	0	0	0	0	0	0	0	1	GC
MOLENAAR Alex	2	Caja Rural - Seguros RGA	0	0	0	0	0	0	0	0	0	0	0	0	0	0	0	0	0	0	1	1	Climber
IZQUIERDO Clément	2	Cofidis	0	0	0	0	0	0	1	0	0	0	0	0	0	0	0	0	0	0	0	1	Hills
ROBEET Ludovic	2	Cofidis	0	0	0	0	0	0	0	0	0	0	0	0	0	0	0	0	0	0	0	0	Oneday
CHARRET Camille	2	Cofidis	0	0	0	0	0	0	0	0	0	1	0	0	0	0	0	0	0	0	0	1	TT
MÜHLBERGER Gregor	2	Decathlon CMA CGM Team	0	0	0	1	0	0	0	0	0	0	0	0	0	0	0	0	0	0	0	1	Climber
CHAMBERLAIN Oscar	2	Decathlon CMA CGM Team	0	0	0	0	0	0	0	0	0	0	0	0	0	0	0	0	0	0	0	0	TT
ROLLAND Brieuc	2	Groupama - FDJ United	0	0	0	0	0	0	0	0	0	0	0	0	0	0	0	0	0	0	1	1	Climber
GUALDI Simone	2	Lotto Intermarché	0	0	0	1	0	0	0	0	0	0	0	0	0	0	0	0	0	0	0	1	Oneday
MCDONALD Brody	2	Modern Adventure Pro Cycling	0	0	1	0	0	0	0	0	0	0	0	0	0	0	0	0	0	0	0	1	Sprint
PINARELLO Alessandro	2	NSN Cycling Team	0	0	0	1	0	0	0	0	0	0	0	0	0	0	0	0	0	0	0	1	Oneday
MARTÍ Pau	2	NSN Cycling Team	0	0	0	1	0	0	0	0	0	0	0	0	0	0	0	0	0	0	0	1	Climber
TENE Rotem	2	NSN Cycling Team	0	0	1	0	0	0	0	0	0	0	0	0	0	0	0	0	0	0	0	1	Sprint
VAN TRICHT Floris	2	NSN Cycling Team	0	0	1	0	0	0	0	0	0	0	0	0	0	0	0	0	0	0	0	1	Sprint
BOICHIS Adrien	2	Red Bull - BORA - hansgrohe	0	0	0	1	0	0	0	0	0	0	0	0	0	0	0	0	0	0	0	1	GC
GELDERS Gil	2	Soudal - Quick Step	0	0	0	0	0	0	0	0	0	0	0	0	0	0	0	0	0	0	0	0	GC
SVRČEK Martin	2	Soudal - Quick Step	0	0	1	0	0	0	0	0	0	0	0	0	0	0	0	0	0	0	0	1	Oneday
VANGHELUWE Warre	2	Soudal - Quick Step	0	0	1	0	0	0	0	0	0	0	0	0	0	0	0	0	0	0	0	1	Sprint
LAURYSSEN Yorben	2	Tarteletto - Isorex	0	0	1	0	0	0	0	0	0	0	0	0	0	0	0	0	0	0	0	1	TT
MOONEN Zeno	2	Tarteletto - Isorex	0	0	1	0	0	0	0	0	0	0	0	0	0	0	0	0	0	0	0	1	Sprint
SANTY Arne	2	Tarteletto - Isorex	0	0	1	0	0	0	0	0	0	0	0	0	0	0	0	0	0	0	0	1	Sprint
STERCK Joppe	2	Tarteletto - Isorex	0	0	1	0	0	0	0	0	0	0	0	0	0	0	0	0	0	0	0	1	0
VAN PETEGEM Axandre	2	Tarteletto - Isorex	0	0	1	0	0	0	0	0	0	0	0	0	0	0	0	0	0	0	0	1	TT
VERMOOTE Jelle	2	Tarteletto - Isorex	0	0	1	0	0	0	0	0	0	0	0	0	0	0	0	0	0	0	0	1	Sprint
HATHERLY Alan	2	Team Jayco AlUla	0	0	0	1	0	0	0	0	0	0	0	0	0	0	0	0	0	0	0	1	TT
CORKERY Dillon	2	Team Picnic PostNL	0	0	1	0	0	0	0	0	0	0	0	0	0	0	0	0	0	0	0	1	Sprint
GAFFURI Mattia	2	Team Picnic PostNL	0	0	0	1	0	0	0	0	0	0	0	0	0	0	0	0	0	0	0	1	GC
BELLETTA Dario Igor	2	Team Polti VisitMalta	0	0	0	0	0	0	1	0	0	0	0	0	0	0	0	0	0	0	0	1	Hills
VAN BELLE Loe	2	Team Visma | Lease a Bike	0	0	1	0	0	0	0	0	0	0	0	0	0	0	0	0	0	0	0	1	TT
MARCEROU Nicola	2	TotalEnergies	0	0	1	0	0	0	0	0	0	0	0	0	0	0	0	0	0	0	0	1	Hills
THALMANN Roland	2	Tudor Pro Cycling Team	0	0	0	1	0	0	0	0	0	0	0	0	0	0	0	0	0	0	0	1	GC
JOHANNINK Jelle	2	Unibet Rose Rockets	0	0	1	0	0	0	0	0	0	0	0	0	0	0	0	0	0	0	0	1	Oneday
MÜLLER Tobias	2	Unibet Rose Rockets	0	0	0	0	0	0	0	0	0	0	0	0	0	0	0	0	0	0	0	0	Sprint
MOURIS Wessel	2	Unibet Rose Rockets	0	0	0	0	0	0	0	0	0	1	0	0	0	0	0	0	0	0	0	1	Sprint
URIANSTAD BUGGE Martin	2	Uno-X Mobility	0	0	0	0	0	0	0	0	0	0	0	0	0	0	0	0	0	0	0	0	Oneday
VINOKUROV Nicolas	2	XDS Astana Team	0	0	0	0	0	0	1	0	0	0	0	0	0	0	0	0	0	0	0	1	GC
TONEATTI Davide	2	XDS Astana Team	0	0	0	1	0	0	0	0	0	0	0	0	0	0	0	0	0	0	0	1	GC
VAN BEKKUM Darren	2	XDS Astana Team	0	0	0	0	0	0	0	0	0	0	0	0	0	0	0	0	1	0	0	1	GC
GLIVAR Gal	2	Alpecin-Premier Tech	0	0	0	0	0	0	0	0	0	0	0	0	0	0	0	0	0	0	0	0	Hills
DE VYLDER Lindsay	2	Alpecin-Premier Tech	0	0	0	0	0	0	0	0	0	0	0	0	0	0	0	0	0	0	0	0	Oneday
DOCKX Aaron	2	Alpecin-Premier Tech	0	0	0	0	0	0	0	0	0	0	0	0	0	0	0	0	0	0	0	0	Climber
GOGL Michael	2	Alpecin-Premier Tech	0	0	0	0	0	0	0	0	0	0	0	0	0	0	0	0	0	0	0	0	Oneday
HOULE Hugo	2	Alpecin-Premier Tech	0	0	0	0	0	0	0	0	0	0	0	0	0	0	0	0	0	0	0	0	GC
MARSMAN Tim	2	Alpecin-Premier Tech	0	0	0	0	0	0	0	0	0	0	0	0	0	0	0	0	0	0	0	0	Sprint
VERGALLITO Luca	2	Alpecin-Premier Tech	0	0	0	0	0	0	0	0	0	0	0	0	0	0	0	0	0	0	0	0	GC
ERMAKOV Roman	2	Bahrain - Victorious	0	0	0	0	0	0	0	0	0	0	0	0	0	0	0	0	0	0	0	0	Oneday
KEPPLINGER Rainer	2	Bahrain - Victorious	0	0	0	0	0	0	0	0	0	0	0	0	0	0	0	0	0	0	0	0	GC
PAASSCHENS Mathijs	2	Bahrain - Victorious	0	0	0	0	0	0	0	0	0	0	0	0	0	0	0	0	0	0	0	0	Oneday
SKERL Daniel	2	Bahrain - Victorious	0	0	0	0	0	0	0	0	0	0	0	0	0	0	0	0	0	0	0	0	Sprint
STOCKWELL Oliver	2	Bahrain - Victorious	0	0	0	0	0	0	0	0	0	0	0	0	0	0	0	0	0	0	0	0	Hills
VAN DER MEULEN Max	2	Bahrain - Victorious	0	0	0	0	0	0	0	0	0	0	0	0	0	0	0	0	0	0	0	0	Hills
ZANONCELLO Enrico	2	Bardiani CSF 7 Saber	0	0	0	0	0	0	0	0	0	0	0	0	0	0	0	0	0	0	0	0	Sprint
MAGLI Filippo	2	Bardiani CSF 7 Saber	0	0	0	0	0	0	0	0	0	0	0	0	0	0	0	0	0	0	0	0	Hills
TOLIO Alex	2	Bardiani CSF 7 Saber	0	0	0	0	0	0	0	0	0	0	0	0	0	0	0	0	0	0	0	0	GC
TSVETKOV Nikita	2	Bardiani CSF 7 Saber	0	0	0	0	0	0	0	0	0	0	0	0	0	0	0	0	0	0	0	0	Sprint
COLNAGHI Luca	2	Bardiani CSF 7 Saber	0	0	0	0	0	0	0	0	0	0	0	0	0	0	0	0	0	0	0	0	Sprint
Turconi Filippo	2	Bardiani CSF 7 Saber	0	0	0	0	0	0	0	0	0	0	0	0	0	0	0	0	0	0	0	0	0
CETTOLIN Filippo	2	Bardiani CSF 7 Saber	0	0	0	0	0	0	0	0	0	0	0	0	0	0	0	0	0	0	0	0	Sprint
CONFORTI Lorenzo	2	Bardiani CSF 7 Saber	0	0	0	0	0	0	0	0	0	0	0	0	0	0	0	0	0	0	0	0	Sprint
COVILI Luca	2	Bardiani CSF 7 Saber	0	0	0	0	0	0	0	0	0	0	0	0	0	0	0	0	0	0	0	0	GC
CRUZ Edward	2	Bardiani CSF 7 Saber	0	0	0	0	0	0	0	0	0	0	0	0	0	0	0	0	0	0	0	0	Hills
FERRARO Santiago	2	Bardiani CSF 7 Saber	0	0	0	0	0	0	0	0	0	0	0	0	0	0	0	0	0	0	0	0	Oneday
HERREÑO Martin Santiago	2	Bardiani CSF 7 Saber	0	0	0	0	0	0	0	0	0	0	0	0	0	0	0	0	0	0	0	0	GC
MANENTI Marco	2	Bardiani CSF 7 Saber	0	0	0	0	0	0	0	0	0	0	0	0	0	0	0	0	0	0	0	0	Hills
MARTINELLI Alessio	2	Bardiani CSF 7 Saber	0	0	0	0	0	0	0	0	0	0	0	0	0	0	0	0	0	0	0	0	Climber
Montagner Andrea	2	Bardiani CSF 7 Saber	0	0	0	0	0	0	0	0	0	0	0	0	0	0	0	0	0	0	0	0	0
PALETTI Luca	2	Bardiani CSF 7 Saber	0	0	0	0	0	0	0	0	0	0	0	0	0	0	0	0	0	0	0	0	Oneday
PINAZZI Mattia	2	Bardiani CSF 7 Saber	0	0	0	0	0	0	0	0	0	0	0	0	0	0	0	0	0	0	0	0	Sprint
ROJAS Vicente	2	Bardiani CSF 7 Saber	0	0	0	0	0	0	0	0	0	0	0	0	0	0	0	0	0	0	0	0	Oneday
ROSTOVTSEV Sergey	2	Bardiani CSF 7 Saber	0	0	0	0	0	0	0	0	0	0	0	0	0	0	0	0	0	0	0	0	Sprint
Stenico Mattia	2	Bardiani CSF 7 Saber	0	0	0	0	0	0	0	0	0	0	0	0	0	0	0	0	0	0	0	0	0
TAROZZI Manuele	2	Bardiani CSF 7 Saber	0	0	0	0	0	0	0	0	0	0	0	0	0	0	0	0	0	0	0	0	GC
TURCONI Matteo	2	Bardiani CSF 7 Saber	0	0	0	0	0	0	0	0	0	0	0	0	0	0	0	0	0	0	0	0	Oneday
DÍAZ José Manuel	2	Burgos Burpellet BH	0	0	0	0	0	0	0	0	0	0	0	0	0	0	0	0	0	0	0	0	GC
CHUMIL Sergio Geovani	2	Burgos Burpellet BH	0	0	0	0	0	0	0	0	0	0	0	0	0	0	0	0	0	0	0	0	Climber
SAINBAYAR Jambaljamts	2	Burgos Burpellet BH	0	0	0	0	0	0	0	0	0	0	0	0	0	0	0	0	0	0	0	0	Oneday
APARICIO Mario	2	Burgos Burpellet BH	0	0	0	0	0	0	0	0	0	0	0	0	0	0	0	0	0	0	0	0	GC
Fajardo Adrián	2	Burgos Burpellet BH	0	0	0	0	0	0	0	0	0	0	0	0	0	0	0	0	0	0	0	0	Oneday
FAURA José Luis	2	Burgos Burpellet BH	0	0	0	0	0	0	0	0	0	0	0	0	0	0	0	0	0	0	0	0	GC
FERNÁNDEZ Sinuhé	2	Burgos Burpellet BH	0	0	0	0	0	0	0	0	0	0	0	0	0	0	0	0	0	0	0	0	GC
GARCÍA PIERNA Carlos	2	Burgos Burpellet BH	0	0	0	0	0	0	0	0	0	0	0	0	0	0	0	0	0	0	0	0	GC
KOYAMA Tomoya	2	Burgos Burpellet BH	0	0	0	0	0	0	0	0	0	0	0	0	0	0	0	0	0	0	0	0	Sprint
OKAMIKA Ander	2	Burgos Burpellet BH	0	0	0	0	0	0	0	0	0	0	0	0	0	0	0	0	0	0	0	0	GC
REY Martín	2	Burgos Burpellet BH	0	0	0	0	0	0	0	0	0	0	0	0	0	0	0	0	0	0	0	0	Hills
BALDERSTONE Abel	2	Caja Rural - Seguros RGA	0	0	0	0	0	0	0	0	0	0	0	0	0	0	0	0	0	0	0	0	Climber
CASTELLON Jan	2	Caja Rural - Seguros RGA	0	0	0	0	0	0	0	0	0	0	0	0	0	0	0	0	0	0	0	0	Climber
PARRA José Félix	2	Caja Rural - Seguros RGA	0	0	0	0	0	0	0	0	0	0	0	0	0	0	0	0	0	0	0	0	Climber
NICOLAU Joel	2	Caja Rural - Seguros RGA	0	0	0	0	0	0	0	0	0	0	0	0	0	0	0	0	0	0	0	0	Climber
GUARDEÑO Jaume	2	Caja Rural - Seguros RGA	0	0	0	0	0	0	0	0	0	0	0	0	0	0	0	0	0	0	0	0	Climber
ARRIOLABENGOA Julen	2	Caja Rural - Seguros RGA	0	0	0	0	0	0	0	0	0	0	0	0	0	0	0	0	0	0	0	0	Climber
BERWICK Sebastian	2	Caja Rural - Seguros RGA	0	0	0	0	0	0	0	0	0	0	0	0	0	0	0	0	0	0	0	0	Climber
BOU Joan	2	Caja Rural - Seguros RGA	0	0	0	0	0	0	0	0	0	0	0	0	0	0	0	0	0	0	0	0	Climber
CORRES Gorka	2	Caja Rural - Seguros RGA	0	0	0	0	0	0	0	0	0	0	0	0	0	0	0	0	0	0	0	0	Climber
DARDER Sergi	2	Caja Rural - Seguros RGA	0	0	0	0	0	0	0	0	0	0	0	0	0	0	0	0	0	0	0	0	Climber
DÍAZ Alex	2	Caja Rural - Seguros RGA	0	0	0	0	0	0	0	0	0	0	0	0	0	0	0	0	0	0	0	0	Climber
FERNÁNDEZ Samuel	2	Caja Rural - Seguros RGA	0	0	0	0	0	0	0	0	0	0	0	0	0	0	0	0	0	0	0	0	Climber
IBÁÑEZ Javier	2	Caja Rural - Seguros RGA	0	0	0	0	0	0	0	0	0	0	0	0	0	0	0	0	0	0	0	0	Climber
Larronde Ellande	2	Caja Rural - Seguros RGA	0	0	0	0	0	0	0	0	0	0	0	0	0	0	0	0	0	0	0	0	Climber
LÓPEZ Joseba	2	Caja Rural - Seguros RGA	0	0	0	0	0	0	0	0	0	0	0	0	0	0	0	0	0	0	0	0	Climber
Lospitao Pablo	2	Caja Rural - Seguros RGA	0	0	0	0	0	0	0	0	0	0	0	0	0	0	0	0	0	0	0	0	Climber
OTRUBA Jakub	2	Caja Rural - Seguros RGA	0	0	0	0	0	0	0	0	0	0	0	0	0	0	0	0	1	1	1	3	Climber
PEÑUELA Francisco Joel	2	Caja Rural - Seguros RGA	0	0	0	0	0	0	0	0	0	0	0	0	0	0	0	0	0	0	0	0	Climber
SORARRAIN Gorka	2	Caja Rural - Seguros RGA	0	0	0	0	0	0	0	0	0	0	0	0	0	0	0	0	0	0	0	0	Climber
VILLAR Iker	2	Caja Rural - Seguros RGA	0	0	0	0	0	0	0	0	0	0	0	0	0	0	0	0	0	0	0	0	Climber
MONIQUET Sylvain	2	Cofidis	0	0	0	0	0	0	0	0	0	0	0	0	0	0	0	0	0	0	0	0	GC
MAISONOBE Sam	2	Cofidis	0	0	0	0	0	0	0	0	0	0	0	0	0	0	0	0	0	0	0	0	GC
ROULAND Louis	2	Cofidis	0	0	0	0	0	0	0	0	0	0	0	0	0	0	0	0	0	0	0	0	GC
CARR Simon	2	Cofidis	0	0	0	0	0	0	0	0	0	0	0	0	0	0	0	0	0	0	0	0	Climber
DEBEAUMARCHÉ Nicolas	2	Cofidis	0	0	0	0	0	0	0	0	0	0	0	0	0	0	0	0	0	0	0	0	Oneday
FERRON Valentin	2	Cofidis	0	0	0	0	0	0	0	0	0	0	0	0	0	0	0	0	0	0	0	0	Oneday
JOALLAND Yaël	2	Cofidis	0	0	0	0	0	0	0	0	0	0	0	0	0	0	0	0	0	0	0	0	Climber
MEEHAN Jamie	2	Cofidis	0	0	0	0	0	0	0	0	0	0	0	0	0	0	0	0	0	0	0	0	Climber
OURSELIN Paul	2	Cofidis	0	0	0	0	0	0	0	0	0	0	0	0	0	0	0	0	0	0	0	0	GC
SAMITIER Sergio	2	Cofidis	0	0	0	0	0	0	0	0	0	0	0	0	0	0	0	0	0	0	0	0	GC
TOUZÉ Damien	2	Cofidis	0	0	0	0	0	0	0	0	0	0	0	0	0	0	0	0	0	0	0	0	Oneday
ZAMPERINI Edoardo	2	Cofidis	0	0	0	0	0	0	0	0	0	0	0	0	0	0	0	0	0	0	0	0	Hills
SCOTSON Callum	2	Decathlon CMA CGM Team	0	0	0	0	0	0	0	0	0	0	0	0	0	0	0	0	0	0	0	0	GC
ISIDORE Noa	2	Decathlon CMA CGM Team	0	0	0	0	0	0	0	0	0	0	0	0	0	0	0	0	0	0	0	0	Sprint
L'HOTE Antoine	2	Decathlon CMA CGM Team	0	0	0	0	0	0	0	0	0	0	0	0	0	0	0	0	0	0	0	0	Sprint
POLLEFLIET Gianluca	2	Decathlon CMA CGM Team	0	0	0	0	0	0	0	0	0	0	0	0	0	0	0	0	0	0	0	0	Sprint
SHAW James	2	EF Education - EasyPost	0	0	0	0	0	0	0	0	0	0	0	0	0	0	0	0	0	0	0	0	GC
LEONARD Michael	2	EF Education - EasyPost	0	0	0	0	0	0	0	0	0	0	0	0	0	0	0	0	0	0	0	0	TT
BELOKI Markel	2	EF Education - EasyPost	0	0	0	0	0	0	0	0	0	0	0	0	0	0	0	0	0	0	0	0	GC
MACKELLAR Alastair	2	EF Education - EasyPost	0	0	0	0	0	0	0	0	0	0	0	0	0	0	0	0	0	0	0	0	TT
RAFFERTY Darren	2	EF Education - EasyPost	0	0	0	0	0	0	0	0	0	0	0	0	0	0	0	0	0	0	0	0	TT
SCHWARZBACHER Matthias	2	EF Education - EasyPost	0	0	0	0	0	0	0	0	0	0	0	0	0	0	0	0	0	0	0	0	TT
VAN DER LEE Jardi Christiaan	2	EF Education - EasyPost	0	0	0	0	0	0	0	0	0	0	0	0	0	0	0	0	0	0	0	0	GC
WALKER Max	2	EF Education - EasyPost	0	0	0	0	0	0	0	0	0	0	0	0	0	0	0	0	0	0	0	0	TT
COBO Iván	2	Equipo Kern Pharma	0	0	0	0	0	0	0	0	0	0	0	0	0	0	0	0	0	0	0	0	Hills
BERRADE Urko	2	Equipo Kern Pharma	0	0	0	0	0	0	0	0	0	0	0	0	0	0	0	0	0	0	0	0	GC
IRIBAR Unai	2	Equipo Kern Pharma	0	0	0	0	0	0	0	0	0	0	0	0	0	0	0	0	0	0	0	0	GC
RUIZ Ibon	2	Equipo Kern Pharma	0	0	0	0	0	0	0	0	0	0	0	0	0	0	0	0	0	0	0	0	GC
AZANZA Ibai	2	Equipo Kern Pharma	0	0	0	0	0	0	0	0	0	0	0	0	0	0	0	0	0	0	0	0	GC
AZNAR Hugo	2	Equipo Kern Pharma	0	0	0	0	0	0	0	0	0	0	0	0	0	0	0	0	0	0	0	0	Hills
BRUSTENGA Marc	2	Equipo Kern Pharma	0	0	0	0	0	0	0	0	0	0	0	0	0	0	0	0	0	0	0	0	Sprint
CARRASCOSA Pablo	2	Equipo Kern Pharma	0	0	0	0	0	0	0	0	0	0	0	0	0	0	0	0	0	0	0	0	Climber
ELOSEGUI Iñigo	2	Equipo Kern Pharma	0	0	0	0	0	0	0	0	0	0	0	0	0	0	0	0	0	0	0	0	GC
GIMENO Nil	2	Equipo Kern Pharma	0	0	0	0	0	0	0	0	0	0	0	0	0	0	0	0	0	0	0	0	Hills
Gomez Iker	2	Equipo Kern Pharma	0	0	0	0	0	0	0	0	0	0	0	0	0	0	0	0	0	0	0	0	0
GUTIÉRREZ Jorge	2	Equipo Kern Pharma	0	0	0	0	0	0	0	0	0	0	0	0	0	0	0	0	0	0	0	0	GC
HO Yen Yi	2	Equipo Kern Pharma	0	0	0	0	0	0	0	0	0	0	0	0	0	0	0	0	0	0	0	0	TT
MARTÍN José María	2	Equipo Kern Pharma	0	0	0	0	0	0	0	0	0	0	0	0	0	0	0	0	0	0	0	0	Hills
PÉREZ César	2	Equipo Kern Pharma	0	0	0	0	0	0	0	0	0	0	0	0	0	0	0	0	0	0	0	0	Climber
Ramos Unai	2	Equipo Kern Pharma	0	0	0	0	0	0	0	0	0	0	0	0	0	0	0	0	0	0	0	0	0
RETEGI Mikel	2	Equipo Kern Pharma	0	0	0	0	0	0	0	0	0	0	0	0	0	0	0	0	0	0	0	0	Hills
SOTO Antonio Jesús	2	Equipo Kern Pharma	0	0	0	0	0	0	0	0	0	0	0	0	0	0	0	0	0	0	0	0	Hills
URIARTE Diego	2	Equipo Kern Pharma	0	0	0	0	0	0	0	0	0	0	0	0	0	0	0	0	0	0	0	0	Sprint
WENZEL Mats	2	Equipo Kern Pharma	0	0	0	0	0	0	0	0	0	0	0	0	0	0	0	0	0	0	0	0	GC
BERASATEGI Xabier	2	Euskaltel - Euskadi	0	0	0	0	0	0	0	0	0	0	0	0	0	0	0	0	0	0	0	0	Hills
AGIRRE Jon	2	Euskaltel - Euskadi	0	0	0	0	0	0	0	0	0	0	0	0	0	0	0	0	0	0	0	0	GC
VAN DER TUUK Axel	2	Euskaltel - Euskadi	0	0	0	0	0	0	0	0	0	0	0	0	0	0	0	0	0	0	0	0	Hills
JUARISTI Txomin	2	Euskaltel - Euskadi	0	0	0	0	0	0	0	0	0	0	0	0	0	0	0	0	0	0	0	0	Hills
AGUIRRE Yago	2	Euskaltel - Euskadi	0	0	0	0	0	0	0	0	0	0	0	0	0	0	0	0	0	0	0	0	Sprint
ALUSTIZA Nicolás	2	Euskaltel - Euskadi	0	0	0	0	0	0	0	0	0	0	0	0	0	0	0	0	0	0	0	0	Hills
AZNAR Unai	2	Euskaltel - Euskadi	0	0	0	0	0	0	0	0	0	0	0	0	0	0	0	0	0	0	0	0	TT
BIZKARRA Mikel	2	Euskaltel - Euskadi	0	0	0	0	0	0	0	0	0	0	0	0	0	0	0	0	0	0	0	0	Hills
Fernandez Heres Samuel	2	Euskaltel - Euskadi	0	0	0	0	0	0	0	0	0	0	0	0	0	0	0	0	0	0	0	0	Hills
GANZABAL Ander	2	Euskaltel - Euskadi	0	0	0	0	0	0	0	0	0	0	0	0	0	0	0	0	0	0	0	0	Hills
HENNEQUIN Paul	2	Euskaltel - Euskadi	0	0	0	0	0	0	0	0	0	0	0	0	0	0	0	0	0	0	0	0	Hills
ISASA Xabier	2	Euskaltel - Euskadi	0	0	0	0	0	0	0	0	0	0	0	0	0	0	0	0	0	0	0	0	Hills
LASTRA Jonathan	2	Euskaltel - Euskadi	0	0	0	0	0	0	0	0	0	0	0	0	0	0	0	0	0	0	0	0	Hills
LÓPEZ Jordi	2	Euskaltel - Euskadi	0	0	0	0	0	0	0	0	0	0	0	0	0	0	0	0	0	0	0	0	Hills
MARTÍN Gotzon	2	Euskaltel - Euskadi	0	0	0	0	0	0	0	0	0	0	0	0	0	0	0	0	0	0	0	0	Hills
MINTEGI Iker	2	Euskaltel - Euskadi	0	0	0	0	0	0	0	0	0	0	0	0	0	0	0	0	0	0	0	0	Hills
MURGUIALDAY Jokin	2	Euskaltel - Euskadi	0	0	0	0	0	0	0	0	0	0	0	0	0	0	0	0	0	0	0	0	Hills
SUTTON Louis	2	Euskaltel - Euskadi	0	0	0	0	0	0	0	0	0	0	0	0	0	0	0	0	0	0	0	0	Hills
Ugarte Gari	2	Euskaltel - Euskadi	0	0	0	0	0	0	0	0	0	0	0	0	0	0	0	0	0	0	0	0	Hills
VAN DER TUUK Danny	2	Euskaltel - Euskadi	0	0	0	0	0	0	0	0	0	0	0	0	0	0	0	0	0	0	0	0	Hills
DECOMBLE Maxime	2	Groupama - FDJ United	0	0	0	0	0	0	0	0	0	0	0	0	0	0	0	0	0	0	0	0	TT
BRAZ AFONSO Clément	2	Groupama - FDJ United	0	0	0	0	0	0	0	0	0	0	0	0	0	0	0	0	0	0	0	0	Oneday
GENIETS Kevin	2	Groupama - FDJ United	0	0	0	0	0	0	0	0	0	0	0	0	0	0	0	0	0	0	0	0	Oneday
BOWER Lewis	2	Groupama - FDJ United	0	0	0	0	0	0	0	0	0	0	0	0	0	0	0	0	0	0	0	0	Sprint
DONNENWIRTH Tom	2	Groupama - FDJ United	0	0	0	0	0	0	0	0	0	0	0	0	0	0	0	0	0	0	0	0	GC
KENCH Josh	2	Groupama - FDJ United	0	0	0	0	0	0	0	0	0	0	0	0	0	0	0	0	0	0	0	0	GC
LE GAC Olivier	2	Groupama - FDJ United	0	0	0	0	0	0	0	0	0	0	0	0	0	0	0	0	0	0	0	0	Oneday
PALENI Enzo	2	Groupama - FDJ United	0	0	0	0	0	0	0	0	0	0	0	0	0	0	0	0	0	0	0	0	GC
AUGUST Andrew	2	INEOS Grenadiers	0	0	0	0	0	0	0	0	0	0	0	0	0	0	0	0	0	0	0	0	GC
HAMILTON Lucas	2	INEOS Grenadiers	0	0	0	0	0	0	0	0	0	0	0	0	0	0	0	0	0	0	0	0	GC
ØXENBERG Peter	2	INEOS Grenadiers	0	0	0	0	0	0	0	0	0	0	0	0	0	0	0	0	0	0	0	0	Climber
RODRÍGUEZ Óscar	2	INEOS Grenadiers	0	0	0	0	0	0	0	0	0	0	0	0	0	0	0	0	0	0	0	0	GC
BERNARD Julien	2	Lidl - Trek	0	0	0	0	0	0	0	0	0	0	0	0	0	0	0	0	0	0	0	0	GC
GHEBREIGZABHIER Amanuel	2	Lidl - Trek	0	0	0	0	0	0	0	0	0	0	0	0	0	0	0	0	0	0	0	0	GC
MOSCA Jacopo	2	Lidl - Trek	0	0	0	0	0	0	0	0	0	0	0	0	0	0	0	0	0	0	0	0	Hills
OOMEN Sam	2	Lidl - Trek	0	0	0	0	0	0	0	0	0	0	0	0	0	0	0	0	0	0	0	0	GC
CRAPS Lars	2	Lotto Intermarché	0	0	0	0	0	0	0	0	0	0	0	0	0	0	0	0	0	0	0	0	GC
FOX Matthew	2	Lotto Intermarché	0	0	0	0	0	0	0	0	0	0	0	0	0	0	0	0	0	0	0	0	Sprint
GIDDINGS Joshua	2	Lotto Intermarché	0	0	0	0	0	0	0	0	0	0	0	0	0	0	0	0	0	0	0	0	Sprint
GRISEL Matys	2	Lotto Intermarché	0	0	1	0	0	0	0	0	0	0	0	0	0	0	0	0	0	0	0	1	Sprint
KOCKELMANN Mathieu	2	Lotto Intermarché	0	0	0	0	0	0	0	0	0	0	0	0	0	0	0	0	0	0	0	0	Hills
ORINS Robin	2	Lotto Intermarché	0	0	0	0	0	0	0	0	0	0	0	0	0	0	0	0	0	0	0	0	Sprint
THOMPSON Reuben	2	Lotto Intermarché	0	0	0	0	0	0	0	0	0	0	0	0	0	0	0	0	0	0	0	0	GC
VEISTROFFER Baptiste	2	Lotto Intermarché	0	0	0	0	0	0	0	0	0	0	0	0	0	0	0	0	0	0	0	0	TT
FANCELLU Alessandro	2	MBH Bank CSB Telecom Fort	0	0	0	0	0	0	0	0	0	0	0	0	0	0	0	0	0	0	0	0	GC
BUDZIŃSKI Marcin	2	MBH Bank CSB Telecom Fort	0	0	0	0	0	0	0	0	0	0	0	0	0	0	0	0	0	0	0	0	Hills
AMBROSINI Matteo	2	MBH Bank CSB Telecom Fort	0	0	0	0	0	0	0	0	0	0	0	0	0	0	0	0	0	0	0	0	Hills
BAGATIN Christian	2	MBH Bank CSB Telecom Fort	0	0	0	0	0	0	0	0	0	0	0	0	0	0	0	0	0	0	0	0	Hills
BRACALENTE Diego	2	MBH Bank CSB Telecom Fort	0	0	0	0	0	0	0	0	0	0	0	0	0	0	0	0	0	0	0	0	Hills
BURATTI Nicolò	2	MBH Bank CSB Telecom Fort	0	0	0	0	0	0	0	0	0	0	0	0	0	0	0	0	0	0	0	0	Hills
CHESINI Cesare	2	MBH Bank CSB Telecom Fort	0	0	0	0	0	0	0	0	0	0	0	0	0	0	0	0	0	0	0	0	Hills
CIPOLLINI Edoardo	2	MBH Bank CSB Telecom Fort	0	0	0	0	0	0	0	0	0	0	0	0	0	0	0	0	0	0	0	0	Hills
CRETTI Luca	2	MBH Bank CSB Telecom Fort	0	0	0	0	0	0	0	0	0	0	0	0	0	0	0	0	0	0	0	0	Hills
DINA Márton	2	MBH Bank CSB Telecom Fort	0	0	0	0	0	0	0	0	0	0	0	0	0	0	0	0	0	0	0	0	GC
GRUSZCZYNSKI Filip	2	MBH Bank CSB Telecom Fort	0	0	0	0	0	0	0	0	0	0	0	0	0	0	0	0	0	0	0	0	Climber
MAKRAI Bálint	2	MBH Bank CSB Telecom Fort	0	0	0	0	0	0	0	0	0	0	0	0	0	0	0	0	0	0	0	0	Oneday
MASCIARELLI Lorenzo	2	MBH Bank CSB Telecom Fort	0	0	0	0	0	0	0	0	0	0	0	0	0	0	0	0	0	0	0	0	Sprint
MASNADA Fausto	2	MBH Bank CSB Telecom Fort	0	0	0	0	0	0	0	0	0	0	0	0	0	0	0	0	0	0	0	0	GC
NESPOLI Lorenzo	2	MBH Bank CSB Telecom Fort	0	0	0	0	0	0	0	0	0	0	0	0	0	0	0	0	0	0	0	0	Hills
PEÁK Barnabás	2	MBH Bank CSB Telecom Fort	0	0	0	0	0	0	0	0	0	0	0	0	0	0	0	0	0	0	0	0	TT
PERSICO Davide	2	MBH Bank CSB Telecom Fort	0	0	0	0	0	0	0	0	0	0	0	0	0	0	0	0	0	0	0	0	Sprint
TAKÁCS Zsombor Tamás	2	MBH Bank CSB Telecom Fort	0	0	0	0	0	0	0	0	0	0	0	0	0	0	0	0	0	0	0	0	Sprint
VALENT Márk	2	MBH Bank CSB Telecom Fort	0	0	0	0	0	0	0	0	0	0	0	0	0	0	0	0	0	0	0	0	Oneday
VERRE Alessandro	2	MBH Bank CSB Telecom Fort	0	0	0	0	0	0	0	0	0	0	0	0	0	0	0	0	0	0	0	0	Climber
ZOCCARATO Samuele	2	MBH Bank CSB Telecom Fort	0	0	0	0	0	0	0	0	0	0	0	0	0	0	0	0	0	0	0	0	Oneday
DE BOD Stefan	2	Modern Adventure Pro Cycling	0	0	0	0	0	0	0	0	0	0	0	0	0	0	0	0	0	0	0	0	TT
MUNTON Byron	2	Modern Adventure Pro Cycling	0	0	0	0	0	0	0	0	0	0	0	0	0	0	0	0	0	0	0	0	TT
CARPENTER Robin	2	Modern Adventure Pro Cycling	0	0	0	0	0	0	0	0	0	0	0	0	0	0	0	0	0	0	0	0	Oneday
FLÓREZ Samuel	2	Modern Adventure Pro Cycling	0	0	0	0	0	0	0	0	0	0	0	0	0	0	0	0	0	0	0	0	TT
HAUG Kieran	2	Modern Adventure Pro Cycling	0	0	0	0	0	0	0	0	0	0	0	0	0	0	0	0	0	0	0	0	Hills
HAYTER Leo	2	Modern Adventure Pro Cycling	0	0	0	0	0	0	0	0	0	0	0	0	0	0	0	0	0	0	0	0	GC
Lasker Harry	2	Modern Adventure Pro Cycling	0	0	0	0	0	0	0	0	0	0	0	0	0	0	0	0	0	0	0	0	0
LÓPEZ Ian	2	Modern Adventure Pro Cycling	0	0	0	0	0	0	0	0	0	0	0	0	0	0	0	0	0	0	0	0	Climber
MCGILL Scott	2	Modern Adventure Pro Cycling	0	0	0	0	0	0	0	0	0	0	0	0	0	0	0	0	0	0	0	0	Hills
SCALA Hugo	2	Modern Adventure Pro Cycling	0	0	0	0	0	0	0	0	0	0	0	0	0	0	0	0	0	0	0	0	TT
STITES Tyler	2	Modern Adventure Pro Cycling	0	0	0	0	0	0	0	0	0	0	0	0	0	0	0	0	0	0	0	0	TT
TOWERS Lucas	2	Modern Adventure Pro Cycling	0	0	0	0	0	0	0	0	0	0	0	0	0	0	0	0	0	0	0	0	Hills
WRIGHT Paul	2	Modern Adventure Pro Cycling	0	0	0	0	0	0	0	0	0	0	0	0	0	0	0	0	0	0	0	0	Hills
PESCADOR Diego	2	Movistar Team	0	0	0	0	0	0	0	0	0	0	0	0	0	0	0	0	0	0	0	0	Climber
ARCAS Jorge	2	Movistar Team	0	0	0	0	0	0	0	0	0	0	0	0	0	0	0	0	0	0	0	0	GC
HESSMANN Michel	2	Movistar Team	0	0	0	0	0	0	0	0	0	0	0	0	0	0	0	0	0	0	0	0	Hills
NOVÁK Pavel	2	Movistar Team	0	0	0	0	0	0	0	0	0	0	0	0	0	0	0	0	0	0	0	0	Climber
SERRANO Gonzalo	2	Movistar Team	0	0	0	0	0	0	0	0	0	0	0	0	0	0	0	0	0	0	0	0	Hills
TORRES Albert	2	Movistar Team	0	0	0	0	0	0	0	0	0	0	0	0	0	0	0	0	0	0	0	0	GC
GILMORE Brady	2	NSN Cycling Team	0	0	0	0	0	0	0	0	0	0	0	0	0	0	0	0	0	0	0	0	Hills
CÔTÉ Pier-André	2	NSN Cycling Team	0	0	0	0	0	0	0	0	0	0	0	0	0	0	0	0	0	0	0	0	Oneday
SMITH Dion	2	NSN Cycling Team	0	0	0	0	0	0	0	0	0	0	0	0	0	0	0	0	0	0	0	0	Hills
BENNETT George	2	NSN Cycling Team	0	0	0	0	0	0	0	0	0	0	0	0	0	0	0	0	0	0	0	0	GC
RAISBERG Nadav	2	NSN Cycling Team	0	0	0	0	0	0	0	0	0	0	0	0	0	0	0	0	0	0	0	0	Hills
DONOVAN Mark	2	Pinarello Q36.5 Pro Cycling Team	0	0	0	0	0	0	0	0	0	0	0	0	0	0	0	0	0	0	0	0	GC
GLOAG Thomas	2	Pinarello Q36.5 Pro Cycling Team	0	0	0	0	0	0	0	0	0	0	0	0	0	0	0	0	0	0	0	0	GC
AZPARREN Xabier Mikel	2	Pinarello Q36.5 Pro Cycling Team	0	0	0	0	0	0	0	0	0	0	0	0	0	0	0	0	0	0	0	0	TT
BADILATTI Matteo	2	Pinarello Q36.5 Pro Cycling Team	0	0	0	0	0	0	0	0	0	0	0	0	0	0	0	0	0	0	0	0	GC
BAX Sjoerd	2	Pinarello Q36.5 Pro Cycling Team	0	0	0	0	0	0	0	0	0	0	0	0	0	0	0	0	0	0	0	0	GC
CALZONI Walter	2	Pinarello Q36.5 Pro Cycling Team	0	0	0	0	0	0	0	0	0	0	0	0	0	0	0	0	0	0	0	0	Hills
CAMPRUBÍ Marcel	2	Pinarello Q36.5 Pro Cycling Team	0	0	0	0	0	0	0	0	0	0	0	0	0	0	0	0	0	0	0	0	Hills
HOUCOU Emmanuel	2	Pinarello Q36.5 Pro Cycling Team	0	0	0	0	0	0	0	0	0	0	0	0	0	0	0	0	0	0	0	0	Sprint
PIDCOCK Joseph	2	Pinarello Q36.5 Pro Cycling Team	0	0	0	0	0	0	0	0	0	0	0	0	0	0	0	0	0	0	0	0	Hills
VANHOUCKE Harm	2	Pinarello Q36.5 Pro Cycling Team	0	0	0	0	0	0	0	0	0	0	0	0	0	0	0	0	0	0	0	0	GC
HAJEK Alexander	2	Red Bull - BORA - hansgrohe	0	0	0	0	0	0	0	0	0	0	0	0	0	0	0	0	0	0	0	0	GC
ZWIEHOFF Ben	2	Red Bull - BORA - hansgrohe	0	0	0	0	0	0	0	0	0	0	0	0	0	0	0	0	0	0	0	0	GC
ALEOTTI Giovanni	2	Red Bull - BORA - hansgrohe	0	0	0	0	0	0	0	0	0	0	0	0	0	0	0	0	0	0	0	0	GC
HERZOG Emil	2	Red Bull - BORA - hansgrohe	0	0	0	0	0	0	0	0	0	0	0	0	0	0	0	0	0	0	0	0	Oneday
MOSCON Gianni	2	Red Bull - BORA - hansgrohe	0	0	0	0	0	0	0	0	0	0	0	0	0	0	0	0	0	0	0	0	Oneday
THORNLEY Callum	2	Red Bull - BORA - hansgrohe	0	0	0	0	0	0	0	0	0	0	0	0	0	0	0	0	0	0	0	0	TT
TUCKWELL Luke	2	Red Bull - BORA - hansgrohe	0	0	0	0	0	0	0	0	0	0	0	0	0	0	0	0	0	0	0	0	Climber
WANDAHL Frederik	2	Red Bull - BORA - hansgrohe	0	0	0	0	0	0	0	0	0	0	0	0	0	0	0	0	0	0	0	0	Oneday
BONNEU Kamiel	2	Solution Tech NIPPO Rali	0	0	0	0	0	0	0	0	0	0	0	0	0	0	0	0	0	0	0	0	GC
ARASHIRO Yukiya	2	Solution Tech NIPPO Rali	0	0	0	0	0	0	0	0	0	0	0	0	0	0	0	0	0	0	0	0	Oneday
ARCHIBOLD Franklin	2	Solution Tech NIPPO Rali	0	0	0	0	0	0	0	0	0	0	0	0	0	0	0	0	0	0	0	0	TT
BALMER Alexandre	2	Solution Tech NIPPO Rali	0	0	0	1	0	0	0	0	0	0	0	0	0	0	0	0	0	0	0	1	Oneday
CONTI Valerio	2	Solution Tech NIPPO Rali	0	0	0	0	0	0	0	0	0	0	0	0	0	0	0	0	0	0	0	0	GC
ĐURIĆ Đorđe	2	Solution Tech NIPPO Rali	0	0	0	0	0	0	0	0	0	0	0	0	0	0	0	0	0	0	0	0	Sprint
FABBRO Matteo	2	Solution Tech NIPPO Rali	0	0	0	0	0	0	0	0	0	0	0	0	0	0	0	0	0	0	0	0	GC
FINKŠT Tilen	2	Solution Tech NIPPO Rali	0	0	0	0	0	0	0	0	0	0	0	0	0	0	0	0	0	0	0	0	Sprint
GAZZOLI Michele	2	Solution Tech NIPPO Rali	0	0	0	0	0	0	0	0	0	0	0	0	0	0	0	0	0	0	0	0	Hills
GONZÁLEZ Roberto Carlos	2	Solution Tech NIPPO Rali	0	0	0	0	0	0	0	0	0	0	0	0	0	0	0	0	0	0	0	0	TT
GRANGER Ben	2	Solution Tech NIPPO Rali	0	0	0	0	0	0	0	0	0	0	0	0	0	0	0	0	0	0	0	0	Oneday
IACCHI Alessandro	2	Solution Tech NIPPO Rali	0	0	0	0	0	0	0	0	0	0	0	0	0	0	0	0	0	0	0	0	GC
MEO Felix James	2	Solution Tech NIPPO Rali	0	0	0	0	0	0	0	0	0	0	0	0	0	0	0	0	0	0	0	0	Hills
NENCINI Tommaso	2	Solution Tech NIPPO Rali	0	0	0	0	0	0	0	0	0	0	0	0	0	0	0	0	0	0	0	0	Sprint
PIRAS Andrea	2	Solution Tech NIPPO Rali	0	0	0	0	0	0	0	0	0	0	0	0	0	0	0	0	0	0	0	0	Sprint
REGNANTI Matteo	2	Solution Tech NIPPO Rali	0	0	0	0	0	0	0	0	0	0	0	0	0	0	0	0	0	0	0	0	Sprint
SAMUDIO Carlos	2	Solution Tech NIPPO Rali	0	0	0	0	0	0	0	0	0	0	0	0	0	0	0	0	0	0	0	0	TT
UMBA Santiago	2	Solution Tech NIPPO Rali	0	0	0	0	0	0	0	0	0	0	0	0	0	0	0	0	0	0	0	0	GC
VERRANDO Luca	2	Solution Tech NIPPO Rali	0	0	0	0	0	0	0	0	0	0	0	0	0	0	0	0	0	0	0	0	Oneday
VIVIANI Attilio	2	Solution Tech NIPPO Rali	0	0	0	0	0	0	0	0	0	0	0	0	0	0	0	0	0	0	0	0	Sprint
BASTIAENS Ayco	2	Soudal - Quick Step	0	0	1	0	0	0	0	0	0	0	0	0	0	0	0	0	0	0	0	1	GC
VERVAEKE Louis	2	Soudal - Quick Step	0	0	0	0	0	0	0	0	0	0	0	0	0	0	0	0	0	0	0	0	GC
BAUWENS Siebe	2	Tarteletto - Isorex	0	0	0	0	0	0	0	0	0	0	0	0	0	0	0	0	0	0	0	0	0
HARTEEL Jelle	2	Tarteletto - Isorex	0	0	0	0	0	0	0	0	0	0	0	0	0	0	0	0	0	0	0	0	Sprint
KILLY Jonah	2	Tarteletto - Isorex	0	0	0	0	0	0	0	0	0	0	0	0	0	0	0	0	0	0	0	0	GC
LEFEVRE Fabrice	2	Tarteletto - Isorex	0	0	0	0	0	0	0	0	0	0	0	0	0	0	0	0	0	0	0	0	0
MARCHAND Gianni	2	Tarteletto - Isorex	0	0	0	0	0	0	0	0	0	0	0	0	0	0	0	0	0	0	0	0	GC
ROMMELAERE Iben	2	Tarteletto - Isorex	0	0	0	0	0	0	0	0	0	0	0	0	0	0	0	0	0	0	0	0	0
TEUGELS Lennert	2	Tarteletto - Isorex	0	0	0	0	0	0	0	0	0	0	0	0	0	0	0	0	0	0	0	0	Hills
VANHEEL Elias	2	Tarteletto - Isorex	0	0	0	0	0	0	0	0	0	0	0	0	0	0	0	0	0	0	0	0	0
MARIS Elias	2	Team Flanders - Baloise	0	0	0	0	0	0	0	0	0	0	0	0	0	0	0	0	0	0	0	0	Hills
DENS Tuur	2	Team Flanders - Baloise	0	0	0	0	0	0	0	0	0	0	0	0	0	0	0	0	0	0	0	0	Oneday
Thonnon Senne	2	Team Flanders - Baloise	0	0	1	0	0	0	0	0	0	0	0	0	0	0	0	0	0	0	0	1	0
Van den Haute Milan	2	Team Flanders - Baloise	0	0	1	0	0	0	0	0	0	0	0	0	0	0	0	0	0	0	0	1	0
VANDENABEELE Henri	2	Team Flanders - Baloise	0	0	0	0	0	0	0	0	0	0	0	0	0	0	0	0	0	0	0	0	GC
VANDENBRANDEN Noah	2	Team Flanders - Baloise	0	0	1	0	0	0	0	0	0	0	0	0	0	0	0	0	0	0	0	1	TT
DE PRETTO Davide	2	Team Jayco AlUla	0	0	0	0	0	0	0	0	0	0	0	0	0	0	0	0	0	0	0	0	Hills
GAMPER Patrick	2	Team Jayco AlUla	0	0	0	0	0	0	0	0	0	0	0	0	0	0	0	0	0	0	0	0	Oneday
HELLEMOSE Asbjørn	2	Team Jayco AlUla	0	0	0	0	0	0	0	0	0	0	0	0	0	0	0	0	0	0	0	0	GC
JUUL-JENSEN Christopher	2	Team Jayco AlUla	0	0	0	0	0	0	0	0	0	0	0	0	0	0	0	0	0	0	0	0	GC
MCKENZIE Hamish	2	Team Jayco AlUla	0	0	0	0	0	0	0	0	0	0	0	0	0	0	0	0	0	0	0	0	Hills
PICKERING Finlay	2	Team Jayco AlUla	0	0	0	0	0	0	0	0	0	0	0	0	0	0	0	0	0	0	0	0	Climber
PORTER Rudy	2	Team Jayco AlUla	0	0	0	0	0	0	0	0	0	0	0	0	0	0	0	0	0	0	0	0	GC
SÜTTERLIN Jasha	2	Team Jayco AlUla	0	0	0	0	0	0	0	0	0	0	0	0	0	0	0	0	0	0	0	0	TT
ARMITT Hamish	2	Team Novo Nordisk	0	0	0	0	0	0	0	0	0	0	0	0	0	0	0	0	0	0	0	0	Hills
BEADLE Hamish	2	Team Novo Nordisk	0	0	0	0	0	0	0	0	0	0	0	0	0	0	0	0	0	0	0	0	Sprint
BRAND Sam	2	Team Novo Nordisk	0	0	0	0	0	0	0	0	0	0	0	0	0	0	0	0	0	0	0	0	GC
Colladon Jacopo	2	Team Novo Nordisk	0	0	0	0	0	0	0	0	0	0	0	0	0	0	0	0	0	0	0	0	0
DAUGE Lucas	2	Team Novo Nordisk	0	0	0	0	0	0	0	0	0	0	0	0	0	0	0	0	0	0	0	0	Climber
DE GRAEVE Quinten	2	Team Novo Nordisk	0	0	0	0	0	0	0	0	0	0	0	0	0	0	0	0	0	0	0	0	Hills
IRVINE Declan	2	Team Novo Nordisk	0	0	0	0	0	0	0	0	0	0	0	0	0	0	0	0	0	0	0	0	TT
Lopez Juan Jose	2	Team Novo Nordisk	0	0	0	0	0	0	0	0	0	0	0	0	0	0	0	0	0	0	0	0	0
LOZANO David	2	Team Novo Nordisk	0	0	0	0	0	0	0	0	0	0	0	0	0	0	0	0	0	0	0	0	GC
Mackie Donovan	2	Team Novo Nordisk	0	0	0	0	0	0	0	0	0	0	0	0	0	0	0	0	0	0	0	0	0
MCDONALD Bailey	2	Team Novo Nordisk	0	0	0	0	0	0	0	0	0	0	0	0	0	0	0	0	0	0	0	0	Hills
MULLER Anton	2	Team Novo Nordisk	0	0	0	0	0	0	0	0	0	0	0	0	0	0	0	0	0	0	0	0	Hills
PERON Andrea	2	Team Novo Nordisk	0	0	0	0	0	0	0	0	0	0	0	0	0	0	0	0	0	0	0	0	Sprint
POLGA Antonio	2	Team Novo Nordisk	0	0	0	0	0	0	0	0	0	0	0	0	0	0	0	0	0	0	0	0	Sprint
POLI Umberto	2	Team Novo Nordisk	0	0	0	0	0	0	0	0	0	0	0	0	0	0	0	0	0	0	0	0	Sprint
Posnic Louis-Marie	2	Team Novo Nordisk	0	0	0	0	0	0	0	0	0	0	0	0	0	0	0	0	0	0	0	0	0
RIDOLFO Filippo	2	Team Novo Nordisk	0	0	0	0	0	0	0	0	0	0	0	0	0	0	0	0	0	0	0	0	Sprint
SMITH Nathan	2	Team Novo Nordisk	0	0	0	0	0	0	0	0	0	0	0	0	0	0	0	0	0	0	0	0	Sprint
Terrier Lucas	2	Team Novo Nordisk	0	0	0	0	0	0	0	0	0	0	0	0	0	0	0	0	0	0	0	0	0
WATTELLE Célestin	2	Team Novo Nordisk	0	0	0	0	0	0	0	0	0	0	0	0	0	0	0	0	0	0	0	0	Sprint
KOERDT Bjorn	2	Team Picnic PostNL	0	0	0	0	0	0	0	0	0	0	0	0	0	0	0	0	0	0	0	0	Hills
MARTINEZ Juan Guillermo	2	Team Picnic PostNL	0	0	0	0	0	0	0	0	0	0	0	0	0	0	0	0	0	0	0	0	GC
HAMILTON Chris	2	Team Picnic PostNL	0	0	0	0	0	0	0	0	0	0	0	0	0	0	0	0	0	0	0	0	GC
DHONDT Robbe	2	Team Picnic PostNL	0	0	0	0	0	0	0	0	0	0	0	0	0	0	0	0	0	0	0	0	Hills
DINHAM Matthew	2	Team Picnic PostNL	0	0	0	0	0	0	0	0	0	0	0	0	0	0	0	0	0	0	0	0	Oneday
FAURE PROST Alexy	2	Team Picnic PostNL	0	0	0	0	0	0	0	0	0	0	0	0	0	0	0	0	0	0	0	0	GC
KNOX James	2	Team Picnic PostNL	0	0	0	0	0	0	0	0	0	0	0	0	0	0	0	0	0	0	0	0	GC
LEEMREIZE Gijs	2	Team Picnic PostNL	0	0	0	0	0	0	0	0	0	0	0	0	0	0	0	0	0	0	0	0	Climber
PEACE Oliver	2	Team Picnic PostNL	0	0	0	0	0	0	0	0	0	0	0	0	0	0	0	0	0	0	0	0	Hills
WELTEN Bram	2	Team Picnic PostNL	0	0	0	0	0	0	0	0	0	0	0	0	0	0	0	0	0	0	0	0	Oneday
PEÑALVER Manuel	2	Team Polti VisitMalta	0	0	0	0	0	0	0	0	0	0	0	0	0	0	0	0	0	0	0	0	Sprint
CRESCIOLI Ludovico	2	Team Polti VisitMalta	0	0	0	0	0	0	0	0	0	0	0	0	0	0	0	0	0	0	0	0	Hills
TERCERO Fernando	2	Team Polti VisitMalta	0	0	0	0	0	0	0	0	0	0	0	0	0	0	0	0	0	0	0	0	GC
MAESTRI Mirco	2	Team Polti VisitMalta	0	0	0	0	0	0	0	0	0	0	0	0	0	0	0	0	0	0	0	0	Hills
BAIS Davide	2	Team Polti VisitMalta	0	0	0	0	0	0	0	0	0	0	0	0	0	0	0	0	0	0	0	0	GC
GÓMEZ Germán Darío	2	Team Polti VisitMalta	0	0	0	0	0	0	0	0	0	0	0	0	0	0	0	0	0	0	0	0	GC
BAIS Mattia	2	Team Polti VisitMalta	0	0	0	0	0	0	0	0	0	0	0	0	0	0	0	0	0	0	0	0	GC
Benito Adrián	2	Team Polti VisitMalta	0	0	0	0	0	0	0	0	0	0	0	0	0	0	0	0	0	0	0	0	0
BESSEGA Gabriele	2	Team Polti VisitMalta	0	0	0	0	0	0	0	0	0	0	0	0	0	0	0	0	0	0	0	0	Sprint
BESSEGA Tommaso	2	Team Polti VisitMalta	0	0	0	0	0	0	0	0	0	0	0	0	0	0	0	0	0	0	0	0	Hills
BUTTIGIEG Aidan	2	Team Polti VisitMalta	0	0	0	0	0	0	0	0	0	0	0	0	0	0	0	0	0	0	0	0	TT
Crozzolo Fabrizio	2	Team Polti VisitMalta	0	0	0	0	0	0	0	0	0	0	0	0	0	0	0	0	0	0	0	0	0
GARCÍA Pablo	2	Team Polti VisitMalta	0	0	0	0	0	0	0	0	0	0	0	0	0	0	0	0	0	0	0	0	TT
Giuliano Dario	2	Team Polti VisitMalta	0	0	0	0	0	0	0	0	0	0	0	0	0	0	0	0	0	0	0	0	0
MIFSUD Andrea	2	Team Polti VisitMalta	0	0	0	0	0	0	0	0	0	0	0	0	0	0	0	0	0	0	0	0	Hills
MUÑOZ Francisco	2	Team Polti VisitMalta	0	0	0	0	0	0	0	0	0	0	0	0	0	0	0	0	0	0	0	0	GC
PESENTI Thomas	2	Team Polti VisitMalta	0	0	0	0	0	0	0	0	0	0	0	0	0	0	0	0	0	0	0	0	Hills
PIETROBON Andrea	2	Team Polti VisitMalta	0	0	0	0	0	0	0	0	0	0	0	0	0	0	0	0	0	0	0	0	Hills
RACCAGNI Gabriele	2	Team Polti VisitMalta	0	0	0	0	0	0	0	0	0	0	0	0	0	0	0	0	0	0	0	0	Sprint
SERRANO Javier	2	Team Polti VisitMalta	0	0	0	0	0	0	0	0	0	0	0	0	0	0	0	0	0	0	0	0	Hills
SEVILLA Diego Pablo	2	Team Polti VisitMalta	0	0	0	0	0	0	0	0	0	0	0	0	0	0	0	0	0	0	0	0	Hills
TONELLI Alessandro	2	Team Polti VisitMalta	0	0	0	0	0	0	0	0	0	0	0	0	0	0	0	0	0	0	0	0	GC
SCHIFFER Anton	2	Team Visma | Lease a Bike	0	0	0	0	0	0	0	0	0	0	0	0	0	0	0	0	0	0	0	0	GC
DOULL Owain	2	Team Visma | Lease a Bike	0	0	0	0	0	0	0	0	0	0	0	0	0	0	0	0	0	0	0	0	Oneday
GRAAT Tijmen	2	Team Visma | Lease a Bike	0	0	0	0	0	0	0	0	0	0	0	0	0	0	0	0	0	0	0	0	GC
HUISING Menno	2	Team Visma | Lease a Bike	0	0	0	0	0	0	0	0	0	0	0	0	0	0	0	0	0	0	0	0	Oneday
REX Tim	2	Team Visma | Lease a Bike	0	0	0	0	0	0	0	0	0	0	0	0	0	0	0	0	0	0	0	0	Hills
DELBOVE Joris	2	TotalEnergies	0	0	0	0	0	0	0	0	0	0	0	0	0	0	0	0	0	0	0	0	GC
VERCHER Mattéo	2	TotalEnergies	0	0	0	0	0	0	0	0	0	0	0	0	0	0	0	0	0	0	0	0	Hills
DOUBEY Fabien	2	TotalEnergies	0	0	0	0	0	0	0	0	0	0	0	0	0	0	0	0	0	0	0	0	GC
BREUILLARD Nicolas	2	TotalEnergies	0	0	0	0	0	0	0	0	0	0	0	0	0	0	0	0	0	0	0	0	GC
LE BERRE Mathis	2	TotalEnergies	0	0	0	0	0	0	0	0	0	0	0	0	0	0	0	0	0	0	0	0	Hills
BOUCHARD Geoffrey	2	TotalEnergies	0	0	0	0	0	0	0	0	0	0	0	0	0	0	0	0	0	0	0	0	Climber
GRELLIER Fabien	2	TotalEnergies	0	0	0	0	0	0	0	0	0	0	0	0	0	0	0	0	0	0	0	0	Oneday
GUERNALEC Thibault	2	TotalEnergies	0	0	0	0	0	0	0	0	0	0	0	0	0	0	0	0	0	0	0	0	TT
JOUSSEAUME Alan	2	TotalEnergies	0	0	0	0	0	0	0	0	0	0	0	0	0	0	0	0	0	0	0	0	Oneday
LÉVÊQUE Theo	2	TotalEnergies	0	0	0	0	0	0	0	0	0	0	0	0	0	0	0	0	0	0	0	0	Hills
RETAILLEAU Valentin	2	TotalEnergies	0	0	0	0	0	0	0	0	0	0	0	0	0	0	0	0	0	0	0	0	Hills
VOISARD Yannis	2	Tudor Pro Cycling Team	0	0	0	0	0	0	0	0	0	0	0	0	0	0	0	0	0	0	0	0	GC
BARTA Will	2	Tudor Pro Cycling Team	0	0	0	0	0	0	0	0	0	0	0	0	0	0	0	0	0	0	0	0	TT
WARBASSE Larry	2	Tudor Pro Cycling Team	0	0	0	0	0	0	0	0	0	0	0	0	0	0	0	0	0	0	0	0	GC
DONZÉ Robin	2	Tudor Pro Cycling Team	0	0	0	0	0	0	0	0	0	0	0	0	0	0	0	0	0	0	0	0	Climber
ERIKSSON Jacob	2	Tudor Pro Cycling Team	0	0	0	0	0	0	0	0	0	0	0	0	0	0	0	0	0	0	0	0	Oneday
KLUCKERS Arthur	2	Tudor Pro Cycling Team	0	0	0	0	0	0	0	0	0	0	0	0	0	0	0	0	0	0	0	0	TT
LIENHARD Fabian	2	Tudor Pro Cycling Team	0	0	0	0	0	0	0	0	0	0	0	0	0	0	0	0	0	0	0	0	Oneday
SUTER Joel	2	Tudor Pro Cycling Team	0	0	0	0	0	0	0	0	0	0	0	0	0	0	0	0	0	0	0	0	TT
WEISS Fabian	2	Tudor Pro Cycling Team	0	0	0	0	0	0	0	0	0	0	0	0	0	0	0	0	0	0	0	0	TT
WILKSCH Hannes	2	Tudor Pro Cycling Team	0	0	0	0	0	0	0	0	0	0	0	0	0	0	0	0	0	0	0	0	GC
WIRTGEN Luc	2	Tudor Pro Cycling Team	0	0	0	0	0	0	0	0	0	0	0	0	0	0	0	0	0	0	0	0	Hills
PERICAS Adrià	2	UAE Team Emirates - XRG	0	0	0	0	0	0	0	0	0	0	0	0	0	0	0	0	0	0	0	0	GC
TORRES Pablo	2	UAE Team Emirates - XRG	0	0	0	0	0	0	0	0	0	0	0	0	0	0	0	0	0	0	0	0	GC
MAIRE Adrien	2	Unibet Rose Rockets	0	0	0	0	0	0	0	0	0	0	0	0	0	0	0	0	0	0	0	0	Climber
CHRISTOPHERSEN Cedrik Bakke	2	Unibet Rose Rockets	0	0	0	0	0	0	0	0	0	0	0	0	0	0	0	0	0	0	0	0	GC
AUGÉ Ronan	2	Unibet Rose Rockets	0	0	0	0	0	0	0	0	0	0	0	0	0	0	0	0	0	0	0	0	Sprint
FOUGNER Eivind Broholt	2	Unibet Rose Rockets	0	0	0	0	0	0	0	0	0	0	0	0	0	0	0	0	0	0	0	0	Climber
GELEIJN Owen	2	Unibet Rose Rockets	0	0	0	0	0	0	0	0	0	0	0	0	0	0	0	0	0	0	0	0	Hills
MERIS Sergio	2	Unibet Rose Rockets	0	0	0	0	0	0	0	0	0	0	0	0	0	0	0	0	0	0	0	0	Hills
PETER Jannis	2	Unibet Rose Rockets	0	0	0	0	0	0	0	0	0	0	0	0	0	0	0	0	0	0	0	0	GC
SAVIOZ Colin	2	Unibet Rose Rockets	0	0	0	0	0	0	0	0	0	0	0	0	0	0	0	0	0	0	0	0	Climber
STOCKMAN Abram	2	Unibet Rose Rockets	0	0	0	0	0	0	0	0	0	0	0	0	0	0	0	0	0	0	0	0	Sprint
ŤOUPALÍK Adam	2	Unibet Rose Rockets	0	0	0	0	0	0	0	0	0	0	0	0	0	0	0	0	0	0	0	0	Hills
VERSCHUREN Killian	2	Unibet Rose Rockets	0	0	0	0	0	0	0	0	0	0	0	0	0	0	0	0	0	0	0	0	GC
CHARMIG Anthon	2	Uno-X Mobility	0	0	0	0	0	0	0	0	0	0	0	0	0	0	0	0	0	0	0	0	GC
LØLAND Sakarias Koller	2	Uno-X Mobility	0	0	0	0	0	0	0	0	0	0	0	0	0	0	0	0	0	0	0	0	Hills
HOLTER Ådne	2	Uno-X Mobility	0	0	0	0	0	0	0	0	0	0	0	0	0	0	0	0	0	0	0	0	GC
TJØTTA Martin	2	Uno-X Mobility	0	0	0	0	0	0	0	0	0	0	0	0	0	0	0	0	0	0	0	0	GC
BLUME LEVY William	2	Uno-X Mobility	0	0	0	0	0	0	0	0	0	0	0	0	0	0	0	0	0	0	0	0	Oneday
DALBY Simon	2	Uno-X Mobility	0	0	0	0	0	0	0	0	0	0	0	0	0	0	0	0	0	0	0	0	GC
DVERSNES Fredrik	2	Uno-X Mobility	0	0	0	0	0	0	0	0	0	0	0	0	0	0	0	0	0	0	0	0	Oneday
SKAARSETH Anders	2	Uno-X Mobility	0	0	0	0	0	0	0	0	0	0	0	0	0	0	0	0	0	0	0	0	Oneday
SVARRE Tobias	2	Uno-X Mobility	0	0	0	0	0	0	0	0	0	0	0	0	0	0	0	0	0	0	0	0	Hills
MULUBRHAN Henok	2	XDS Astana Team	0	0	0	0	0	0	0	0	0	0	0	0	0	0	0	0	0	0	0	0	GC
CONCI Nicola	2	XDS Astana Team	0	0	0	0	0	0	0	0	0	0	0	0	0	0	0	0	0	0	0	0	GC
KAJAMINI Florian Samuel	2	XDS Astana Team	0	0	0	0	0	0	0	0	0	0	0	0	0	0	0	0	0	0	0	0	Hills
KUZMIN Anton	2	XDS Astana Team	0	0	0	0	0	0	0	0	0	0	0	0	0	0	0	0	0	0	0	0	GC
SCHRETTL Marco	2	XDS Astana Team	0	0	0	0	0	0	0	0	0	0	0	0	0	0	0	0	0	0	0	0	Oneday
SU Haoyu	2	XDS Astana Team	0	0	0	0	0	0	0	0	0	0	0	0	0	0	0	0	0	0	0	0	TT
